History,Stock,% of Portfolio,RecentActivity,Shares,ReportedPrice*,Value,Unnamed: 7,Current Price,+/-Reported Price,52Week Low,52Week High
≡,AAPL - Apple Inc.,22.04,,227917808,$289.36,"$65,950,296,000",,$336.26,16.21%,$242.76,$345.34
≡,AXP - American Express,17.14,,151610700,$338.25,"$51,282,319,000",,$303.86,-10.17%,$289.26,$384.36
≡,KO - Coca Cola Co.,10.86,,400000000,$81.27,"$32,507,999,000",,$86.22,6.09%,$64.16,$91.94
≡,GOOGL - Alphabet Inc.,9.41,Add 45.24%,78791167,$357.37,"$28,157,600,000",,$346.70,-2.99%,$235.23,$408.10
≡,BAC - Bank of America Corp.,9.2,Reduce 5.89%,483394015,$56.98,"$27,543,792,000",,$53.62,-5.90%,$45.64,$64.89
≡,CVX - Chevron Corp.,4.67,,84375856,$165.76,"$13,986,142,000",,$205.24,23.82%,$142.51,$217.78
≡,OXY - Occidental Petroleum,4.3,,264941431,$48.57,"$12,868,205,000",,$57.93,19.27%,$38.26,$66.83
≡,CB - Chubb Limited,3.9,,34249183,$340.74,"$11,670,067,000",,$336.88,-1.13%,$262.07,$364.81
≡,MCO - Moody's Corp.,3.73,,24669778,$452.92,"$11,173,436,000",,$449.79,-0.69%,$399.61,$543.25
≡,GOOG - Alphabet Inc. CL C,3.21,Add 658.35%,27188433,$353.33,"$9,606,489,000",,$343.77,-2.71%,$236.07,$403.96
≡,KHC - Kraft Heinz Co.,2.57,,325634818,$23.62,"$7,691,494,000",,$21.93,-7.15%,$20.34,$27.65
≡,DVA - DaVita HealthCare Partners,2.15,Reduce 4.05%,28880209,$222.48,"$6,425,269,000",,$177.85,-20.06%,$101.00,$247.49
≡,DAL - Delta Air Lines Inc.,1.79,Add 43.99%,57320000,$93.66,"$5,368,591,000",,$83.17,-11.20%,$54.60,$95.44
≡,SIRI - SiriusXM Holdings Inc,1.23,,124807117,$29.54,"$3,686,803,000",,$25.95,-12.15%,$19.15,$32.37
≡,VRSN - Verisign Inc.,0.76,,8989880,$251.56,"$2,261,495,000",,$297.87,18.41%,$206.93,$311.57
≡,KR - Kroger Co.,0.72,Reduce 22.00%,39000000,$55.53,"$2,165,671,000",,$59.88,7.83%,$53.78,$75.66
≡,ALLY - Ally Financial Inc.,0.41,Reduce 6.90%,27000000,$45.95,"$1,240,650,000",,$37.38,-18.65%,$35.43,$46.96
≡,LEN - Lennar Corp.,0.4,Add 29.82%,13111741,$90.49,"$1,186,482,000",,$76.67,-15.27%,$73.75,$131.68
≡,LLYVK - Liberty Media Corp. Series C Live,0.37,,10587143,$105.64,"$1,118,425,000",,$98.22,-7.02%,$78.68,$109.75
≡,NYT - New York Times CL A,0.37,Add 3.65%,15700000,$69.98,"$1,098,686,000",,$64.29,-8.13%,$53.65,$86.83
≡,COF - Capital One Financial,0.2,Reduce 58.04%,3000000,$200.62,"$601,860,000",,$195.59,-2.51%,$173.62,$256.63
≡,LLYVA - Liberty Media Corp. Series A Live,0.17,,4986588,$101.26,"$504,942,000",,$95.03,-6.15%,$77.12,$106.06
≡,LPX - Louisiana-Pacific Corp.,0.15,,5664793,$78.66,"$445,593,000",,$64.88,-17.52%,$62.18,$99.15
≡,NUE - Nucor Corp.,0.14,Reduce 52.45%,1857752,$222.75,"$413,814,000",,$249.40,11.96%,$129.80,$279.45
≡,M - Macy's Inc.,0.06,Add 141.82%,7347426,$23.55,"$173,031,000",,$22.99,-2.38%,$15.85,$26.36
≡,NVR - NVR Inc.,0.03,,11112,$6813.44,"$75,711,000",,$5947.02,-12.72%,$5501.01,$8200.00
≡,JEF - Jefferies Financial Group Inc.,0.01,,433558,$49.98,"$21,669,000",,$44.11,-11.74%,$35.00,$65.11
≡,LEN.B - Lennar Corp. CL B,0.01,Add 25.42%,298117,$88.71,"$26,446,000",,$75.60,-14.78%,$72.60,$123.45
≡,DHI - D.R. Horton,0.0,Buy,3564,$163.02,"$581,000",,$133.29,-18.24%,$130.96,$170.28
