ts_code,name,industry,level,close,pct_chg,vol_ratio,turnover_rate,mv_亿,pe_ttm,xueqiu_url,update_date
301190.SZ,善水科技,染料涂料,⚡ 创60日新高,24.95,20.0096,2.47,9.14,45.37,49.0,https://xueqiu.com/S/SZ301190,2026-09-28
688244.SH,永信至诚,软件服务,⚡ 创60日新高,19.8,20.0,1.41,9.78,29.89,-,https://xueqiu.com/S/SH688244,2026-09-28
688152.SH,麒麟信安,软件服务,⚡ 创60日新高,39.45,11.9784,2.74,9.22,40.2,-,https://xueqiu.com/S/SH688152,2026-09-28
600825.SH,新华传媒,出版业,🏆 创一年(250日)新高,8.55,10.0386,0.72,0.48,89.34,209.3,https://xueqiu.com/S/SH600825,2026-09-28
001330.SZ,博纳影业,影视音像,⚡ 创60日新高,6.36,10.0346,0.35,3.53,73.96,-,https://xueqiu.com/S/SZ001330,2026-09-28
603968.SH,醋化股份,化工原料,⚡ 创60日新高,11.63,10.0284,2.46,5.0,23.78,-,https://xueqiu.com/S/SH603968,2026-09-28
000678.SZ,襄阳轴承,汽车配件,⚡ 创60日新高,10.65,10.0207,3.11,7.61,48.95,-,https://xueqiu.com/S/SZ000678,2026-09-28
002242.SZ,九阳股份,家用电器,⚡ 创60日新高,10.33,10.0106,1.3,3.23,78.69,118.2,https://xueqiu.com/S/SZ002242,2026-09-28
601218.SH,吉鑫科技,电气设备,⚡ 创60日新高,6.05,10.0,1.76,27.33,58.63,33.9,https://xueqiu.com/S/SH601218,2026-09-28
001368.SZ,通达创智,文教休闲,🏆 创一年(250日)新高,41.8,10.0,1.63,10.63,45.18,46.9,https://xueqiu.com/S/SZ001368,2026-09-28
002640.SZ,跨境通,互联网,⚡ 创60日新高,3.96,10.0,1.09,17.28,61.31,-,https://xueqiu.com/S/SZ002640,2026-09-28
000011.SZ,深物业A,房产服务,🔥 创半年(120日)新高,10.12,10.0,1.04,3.58,53.28,-,https://xueqiu.com/S/SZ000011,2026-09-28
601579.SH,会稽山,红黄酒,🏆 创一年(250日)新高,41.84,9.9895,1.17,11.24,200.61,71.8,https://xueqiu.com/S/SH601579,2026-09-28
603396.SH,金辰股份,专用机械,🔥 创半年(120日)新高,39.2,9.9888,3.01,16.97,54.3,106.4,https://xueqiu.com/S/SH603396,2026-09-28
600241.SH,时代万恒,电气设备,⚡ 创60日新高,8.04,9.9863,6.75,6.22,23.66,-,https://xueqiu.com/S/SH600241,2026-09-28
600802.SH,福建水泥,水泥,🔥 创半年(120日)新高,7.28,9.9698,2.03,18.69,33.36,-,https://xueqiu.com/S/SH600802,2026-09-28
002347.SZ,泰尔股份,机械基件,⚡ 创60日新高,6.42,9.9315,4.33,9.98,31.68,-,https://xueqiu.com/S/SZ002347,2026-09-28
300659.SZ,中孚信息,IT设备,⚡ 创60日新高,11.6,8.31,2.11,16.91,21.15,-,https://xueqiu.com/S/SZ300659,2026-09-28
603418.SH,友升股份,汽车配件,⚡ 创60日新高,48.75,8.0692,3.35,8.67,42.92,18.2,https://xueqiu.com/S/SH603418,2026-09-28
300599.SZ,雄塑科技,塑料,🏆 创一年(250日)新高,14.74,7.6698,2.38,12.37,46.73,-,https://xueqiu.com/S/SZ300599,2026-09-28
600059.SH,古越龙山,红黄酒,🏆 创一年(250日)新高,11.73,6.6364,1.13,13.48,106.92,47.8,https://xueqiu.com/S/SH600059,2026-09-28
300207.SZ,欣旺达,电气设备,⚡ 创60日新高,21.38,6.4211,1.75,9.41,366.44,49.1,https://xueqiu.com/S/SZ300207,2026-09-28
300675.SZ,建科院,建筑工程,⚡ 创60日新高,13.93,6.3359,7.85,9.34,20.43,-,https://xueqiu.com/S/SZ300675,2026-09-28
001211.SZ,双枪科技,家居用品,⚡ 创60日新高,27.29,6.2695,1.29,9.57,25.47,-,https://xueqiu.com/S/SZ001211,2026-09-28
600006.SH,东风股份,汽车整车,⚡ 创60日新高,5.83,6.1931,3.5,4.22,116.6,-,https://xueqiu.com/S/SH600006,2026-09-28
600699.SH,均胜电子,汽车配件,⚡ 创60日新高,24.02,6.1892,1.64,9.26,335.24,27.2,https://xueqiu.com/S/SH600699,2026-09-28
688225.SH,亚信安全,软件服务,⚡ 创60日新高,15.64,6.1779,2.19,5.38,62.56,-,https://xueqiu.com/S/SH688225,2026-09-28
603797.SH,联泰环保,环境保护,🏆 创一年(250日)新高,5.2,6.1224,3.51,5.23,29.98,23.7,https://xueqiu.com/S/SH603797,2026-09-28
000739.SZ,普洛药业,化学制药,🏆 创一年(250日)新高,26.81,5.9684,1.26,1.92,310.45,36.5,https://xueqiu.com/S/SZ000739,2026-09-28
600207.SH,安彩高科,电气设备,⚡ 创60日新高,5.46,5.814,1.75,7.64,59.48,-,https://xueqiu.com/S/SH600207,2026-09-28
002093.SZ,国脉科技,文教休闲,⚡ 创60日新高,8.16,5.0193,1.65,6.29,82.21,-,https://xueqiu.com/S/SZ002093,2026-09-28
000868.SZ,安凯客车,汽车整车,⚡ 创60日新高,4.18,4.7619,1.26,9.89,39.27,-,https://xueqiu.com/S/SZ000868,2026-09-28
688265.SH,南模生物,医疗保健,🔥 创半年(120日)新高,54.61,4.7573,0.79,4.52,42.58,190.5,https://xueqiu.com/S/SH688265,2026-09-28
603909.SH,建发合诚,建筑工程,⚡ 创60日新高,10.33,4.5547,3.25,2.9,26.93,23.2,https://xueqiu.com/S/SH603909,2026-09-28
603073.SH,彩蝶实业,纺织,⚡ 创60日新高,19.72,4.4492,3.32,9.41,22.88,45.8,https://xueqiu.com/S/SH603073,2026-09-28
603183.SH,建研院,建筑工程,🏆 创一年(250日)新高,5.13,4.2683,1.13,5.04,25.5,-,https://xueqiu.com/S/SH603183,2026-09-28
301226.SZ,祥明智能,电气设备,⚡ 创60日新高,36.89,4.2385,1.71,4.9,40.14,726.7,https://xueqiu.com/S/SZ301226,2026-09-28
300569.SZ,天能重工,电气设备,⚡ 创60日新高,5.5,4.1667,2.47,8.22,56.08,61.8,https://xueqiu.com/S/SZ300569,2026-09-28
600293.SH,三峡新材,玻璃,⚡ 创60日新高,3.93,3.9683,1.55,18.04,45.59,-,https://xueqiu.com/S/SH600293,2026-09-28
600356.SH,恒丰纸业,造纸,🏆 创一年(250日)新高,11.06,3.9474,2.06,15.86,33.04,17.0,https://xueqiu.com/S/SH600356,2026-09-28
002813.SZ,路畅科技,汽车配件,⚡ 创60日新高,23.98,3.8095,4.13,4.97,28.75,-,https://xueqiu.com/S/SZ002813,2026-09-28
603373.SH,安邦护卫,仓储物流,🏆 创一年(250日)新高,52.7,3.7402,2.02,10.07,33.52,59.0,https://xueqiu.com/S/SH603373,2026-09-28
300690.SZ,双一科技,电气设备,⚡ 创60日新高,26.0,3.5444,1.66,13.36,29.01,22.2,https://xueqiu.com/S/SZ300690,2026-09-28
300833.SZ,浩洋股份,专用机械,🔥 创半年(120日)新高,44.43,3.5423,2.17,2.96,36.1,30.4,https://xueqiu.com/S/SZ300833,2026-09-28
000592.SZ,平潭发展,林业,⚡ 创60日新高,9.09,3.5308,1.81,29.09,174.08,-,https://xueqiu.com/S/SZ000592,2026-09-28
002296.SZ,辉煌科技,通信设备,⚡ 创60日新高,9.75,3.3934,2.46,6.56,33.87,22.3,https://xueqiu.com/S/SZ002296,2026-09-28
605378.SH,野马电池,电气设备,⚡ 创60日新高,15.35,3.367,1.67,2.91,40.12,237.1,https://xueqiu.com/S/SH605378,2026-09-28
000753.SZ,漳州发展,综合类,⚡ 创60日新高,5.52,3.1776,2.0,12.79,54.73,78.7,https://xueqiu.com/S/SZ000753,2026-09-28
603755.SH,日辰股份,食品,⚡ 创60日新高,26.0,3.0928,2.25,3.75,25.64,32.7,https://xueqiu.com/S/SH603755,2026-09-28
002099.SZ,海翔药业,化学制药,⚡ 创60日新高,6.0,3.0928,1.74,3.08,97.01,-,https://xueqiu.com/S/SZ002099,2026-09-28
600795.SH,国电电力,火力发电,🔥 创半年(120日)新高,5.4,3.0534,1.7,0.97,963.12,14.8,https://xueqiu.com/S/SH600795,2026-09-28
603105.SH,芯能科技,电气设备,⚡ 创60日新高,8.94,2.9954,1.54,9.11,44.7,37.4,https://xueqiu.com/S/SH603105,2026-09-28
603289.SH,泰瑞机器,专用机械,⚡ 创60日新高,11.17,2.7599,0.75,3.81,32.77,75.1,https://xueqiu.com/S/SH603289,2026-09-28
601918.SH,新集能源,煤炭开采,🏆 创一年(250日)新高,11.45,2.6906,1.58,1.85,296.62,12.2,https://xueqiu.com/S/SH601918,2026-09-28
920992.BJ,中科美菱,医疗保健,⚡ 创60日新高,13.32,2.6194,0.95,5.97,6.53,72.0,https://xueqiu.com/S/BJ920992,2026-09-28
300300.SZ,海峡创新,软件服务,⚡ 创60日新高,11.08,2.4977,1.95,35.52,73.88,70.0,https://xueqiu.com/S/SZ300300,2026-09-28
688137.SH,近岸蛋白,生物制药,🏆 创一年(250日)新高,128.08,2.2595,0.86,12.14,89.55,-,https://xueqiu.com/S/SH688137,2026-09-28
688162.SH,巨一科技,专用机械,⚡ 创60日新高,25.51,2.1626,2.08,1.42,34.97,41.1,https://xueqiu.com/S/SH688162,2026-09-28
002614.SZ,奥佳华,家用电器,🏆 创一年(250日)新高,8.5,2.0408,4.25,42.87,37.51,-,https://xueqiu.com/S/SZ002614,2026-09-28
300904.SZ,威力传动,电气设备,⚡ 创60日新高,47.92,1.9574,1.61,6.02,34.69,-,https://xueqiu.com/S/SZ300904,2026-09-28
000498.SZ,山东路桥,建筑工程,⚡ 创60日新高,5.76,1.9469,4.64,6.57,83.48,4.6,https://xueqiu.com/S/SZ000498,2026-09-28
605169.SH,洪通燃气,供气供热,⚡ 创60日新高,13.24,1.9246,1.32,1.49,37.45,25.4,https://xueqiu.com/S/SH605169,2026-09-28
600232.SH,金鹰股份,纺织机械,⚡ 创60日新高,6.91,1.9174,2.84,4.49,25.2,51.2,https://xueqiu.com/S/SH600232,2026-09-28
301122.SZ,采纳股份,医疗保健,🏆 创一年(250日)新高,64.71,1.8414,1.23,12.95,48.95,1288.3,https://xueqiu.com/S/SZ301122,2026-09-28
600674.SH,川投能源,水力发电,🏆 创一年(250日)新高,16.56,1.7824,1.64,0.8,807.23,17.5,https://xueqiu.com/S/SH600674,2026-09-28
301311.SZ,昆船智能,机械基件,🔥 创半年(120日)新高,18.3,1.7798,2.67,16.59,43.92,-,https://xueqiu.com/S/SZ301311,2026-09-28
603266.SH,天龙股份,汽车配件,⚡ 创60日新高,18.38,1.7719,0.78,3.66,36.56,38.5,https://xueqiu.com/S/SH603266,2026-09-28
301108.SZ,洁雅股份,日用化工,🏆 创一年(250日)新高,52.55,1.6244,1.36,6.57,34.07,68.5,https://xueqiu.com/S/SZ301108,2026-09-28
000055.SZ,方大集团,其他建材,⚡ 创60日新高,3.85,1.5831,0.88,3.03,26.02,-,https://xueqiu.com/S/SZ000055,2026-09-28
301456.SZ,盘古智能,电气设备,⚡ 创60日新高,25.7,1.5409,1.34,6.85,17.62,40.9,https://xueqiu.com/S/SZ301456,2026-09-28
