date,zz1000,zz500,spread
2025-09-30,7574.963,7412.368,0.0
2025-10-09,7648.052,7548.923,-0.008773827760883979
2025-10-10,7533.82,7398.224,-0.0035232835297710485
2025-10-13,7519.764,7376.564,-0.0024567270519089135
2025-10-14,7373.152,7194.851,0.002703296841131464
2025-10-15,7483.449,7294.001,0.0038877358641979942
2025-10-16,7401.838,7231.534,0.001541355204719208
2025-10-17,7185.478,7016.066,0.002047552717918455
2025-10-20,7239.185,7069.641,0.001909835655428238
2025-10-21,7344.047,7185.624,0.00010584522393830564
2025-10-22,7312.21,7128.478,0.0036124674748893026
2025-10-23,7308.099,7142.954,0.001116806406400661
2025-10-24,7419.235,7258.534,0.00019543943603694824
2025-10-27,7495.383,7379.394,-0.006057150954633772
2025-10-28,7479.221,7341.03,-0.0030150847812863146
2025-10-29,7569.117,7480.967,-0.010026420278915205
2025-10-30,7485.085,7385.711,-0.008268853824628608
2025-10-31,7506.675,7331.003,0.0019619624483289133
2025-11-03,7538.118,7333.601,0.005762378532195855
2025-11-04,7435.731,7210.825,0.008809544510487877
2025-11-05,7464.863,7229.341,0.01015738472827854
2025-11-06,7551.83,7345.723,0.005937177568281604
2025-11-07,7541.878,7327.911,0.007026386523253714
2025-11-10,7563.254,7343.802,0.007704465191351373
2025-11-11,7540.791,7291.608,0.0117805126308832
2025-11-12,7486.377,7243.248,0.011121342060090633
2025-11-13,7590.576,7355.291,0.009761370484200005
2025-11-14,7502.757,7235.462,0.014334135423599959
2025-11-17,7523.076,7235.351,0.017031499734884714
2025-11-18,7448.101,7151.018,0.018511097446264446
2025-11-19,7387.208,7122.747,0.01428640913308743
2025-11-20,7340.412,7061.95,0.016310791405296787
2025-11-21,7067.703,6817.41,0.01330023415479653
2025-11-24,7156.409,6868.966,0.01805525228419491
2025-11-25,7249.947,6954.603,0.018850305410287538
2025-11-26,7248.449,6965.045,0.017243822064801573
2025-11-27,7257.454,6951.284,0.020289098493903035
2025-11-28,7334.21,7031.551,0.019593160094455775
2025-12-01,7386.681,7101.832,0.017038473243372043
2025-12-02,7313.178,7040.301,0.015636185412531978
2025-12-03,7248.274,6996.355,0.012996698384282857
2025-12-04,7248.657,7012.806,0.010827860974284675
2025-12-05,7342.492,7097.839,0.011743607643517562
2025-12-08,7423.046,7172.367,0.012323304334313168
2025-12-09,7380.584,7121.326,0.013603656034166578
2025-12-10,7408.244,7155.994,0.012578111143826232
2025-12-11,7311.995,7082.893,0.009733941062025298
2025-12-12,7370.942,7169.791,0.005792382162961296
2025-12-15,7309.078,7113.962,0.005157348641932513
2025-12-16,7181.62,7001.319,0.003527755962669077
2025-12-17,7288.738,7137.834,-0.0007483762417604956
2025-12-18,7272.402,7100.836,0.0020864329354000066
2025-12-19,7329.806,7169.551,0.0003942389050251016
2025-12-22,7408.349,7255.661,-0.0008540678579566086
2025-12-23,7392.42,7256.786,-0.0031086897735406183
2025-12-24,7506.381,7352.04,-0.0009149440073886739
2025-12-25,7579.379,7410.712,0.0008063835310875289
2025-12-26,7605.53,7458.839,-0.0022341192822685763
2025-12-29,7594.158,7430.615,7.230932554125324e-05
2025-12-30,7597.299,7458.936,-0.003333811486257998
2025-12-31,7595.285,7465.574,-0.004495217653665673
2026-01-05,7753.88,7651.198,-0.008600951284040148
2026-01-06,7864.903,7814.136,-0.015926287199089506
2026-01-07,7906.42,7875.082,-0.018667672103474864
2026-01-08,7971.589,7894.545,-0.012690208354385168
2026-01-09,8129.183,8056.686,-0.013760004446836005
2026-01-12,8357.011,8249.128,-0.009645837486331299
2026-01-13,8203.133,8143.28,-0.015679947077532397
2026-01-14,8257.172,8227.697,-0.01993471908261535
2026-01-15,8240.775,8223.268,-0.021501835261525715
2026-01-16,8232.729,8232.674,-0.02383297887030178
2026-01-19,8265.646,8287.947,-0.026944340386035215
2026-01-20,8182.752,8247.805,-0.032471952829034034
2026-01-21,8247.68,8340.113,-0.03635379814086681
2026-01-22,8309.346,8387.595,-0.03461881248191401
2026-01-23,8470.744,8590.166,-0.04064082520286405
2026-01-26,8365.435,8506.693,-0.04328175780248689
2026-01-27,8382.153,8548.932,-0.046773199185480285
2026-01-28,8399.794,8601.164,-0.05149094395794096
2026-01-29,8332.207,8517.843,-0.04917255652082453
2026-01-30,8254.86,8370.52,-0.03950813656573038
2026-02-02,7975.428,8037.046,-0.03140816776139954
2026-02-03,8209.101,8286.701,-0.03424096588752068
2026-02-04,8207.12,8299.057,-0.036169428997880226
2026-02-05,8068.077,8146.107,-0.033890598672867034
2026-02-06,8051.574,8146.413,-0.03611050552975259
2026-02-09,8233.778,8311.283,-0.03429960931364784
2026-02-10,8250.3,8306.445,-0.03146578364310337
2026-02-11,8239.513,8325.811,-0.035502477355032536
2026-02-12,8314.832,8423.57,-0.038747959313957914
2026-02-13,8204.829,8299.585,-0.03654310501654279
2026-02-24,8299.771,8392.91,-0.03659988986813878
2026-02-25,8426.331,8527.559,-0.03805766746210004
2026-02-26,8490.617,8557.216,-0.0335720409490019
2026-02-27,8560.843,8658.45,-0.03795868047293793
2026-03-02,8476.965,8658.334,-0.049016088339659314
2026-03-03,8142.454,8281.614,-0.04235300728284175
2026-03-04,8094.518,8248.945,-0.044273859534593285
2026-03-05,8171.119,8309.171,-0.042286535710328366
2026-03-06,8248.857,8360.335,-0.03892656086114421
2026-03-09,8203.869,8279.481,-0.033957614630790056
2026-03-10,8350.09,8410.303,-0.032303568751066214
2026-03-11,8363.526,8403.33,-0.029589105699054263
2026-03-12,8335.908,8359.472,-0.02731819650964451
2026-03-13,8214.293,8239.798,-0.027227882510723944
2026-03-16,8211.352,8185.152,-0.0202438622959622
2026-03-17,8019.857,8016.026,-0.022707123670395513
2026-03-18,8096.595,8096.428,-0.02342365112232314
2026-03-19,7909.234,7877.09,-0.018567083725071987
2026-03-20,7783.435,7760.037,-0.019382713860758072
2026-03-23,7409.107,7440.745,-0.025723619708568513
2026-03-24,7600.857,7597.373,-0.021540593951387965
2026-03-25,7751.181,7767.665,-0.024669779292612493
2026-03-26,7639.376,7642.13,-0.02249370398270223
2026-03-27,7746.313,7737.614,-0.02125825269219117
2026-03-30,7767.93,7753.723,-0.020577768991681067
2026-03-31,7619.85,7617.326,-0.021725107291984624
2026-04-01,7764.153,7750.092,-0.020586528335956533
2026-04-02,7623.417,7605.293,-0.019630846039792926
2026-04-03,7536.6,7534.938,-0.021600323433867752
2026-04-07,7606.017,7571.111,-0.017316405179753414
2026-04-08,7955.768,7945.153,-0.021606307168776873
2026-04-09,7921.447,7898.633,-0.0198611572918872
2026-04-10,7998.232,7969.365,-0.01926690374173723
2026-04-13,8025.572,7967.697,-0.015432615885886403
2026-04-14,8144.762,8088.569,-0.016004685226833626
2026-04-15,8106.165,8044.077,-0.015097623333749643
2026-04-16,8232.983,8180.082,-0.016704278845828036
2026-04-17,8307.436,8214.194,-0.011477490066269302
2026-04-20,8357.814,8290.022,-0.015056825746415647
2026-04-21,8351.156,8270.327,-0.01327872830433452
2026-04-22,8481.24,8376.181,-0.010386565626116617
2026-04-23,8362.74,8295.207,-0.015106032094779565
2026-04-24,8304.141,8247.876,-0.016456502645329385
2026-04-27,8338.726,8299.049,-0.01879453548551857
2026-04-28,8226.692,8203.961,-0.02075628557267284
2026-04-29,8343.065,8342.422,-0.024073163817180943
2026-04-30,8381.947,8349.508,-0.01989617125769616
2026-05-06,8574.556,8588.44,-0.026703349745062166
2026-05-07,8714.51,8696.799,-0.0228461590879665
2026-05-08,8741.151,8694.171,-0.018974635643012494
2026-05-11,8866.779,8839.742,-0.02202893337932177
2026-05-12,8821.887,8785.979,-0.020702151248208844
2026-05-13,8955.447,8918.239,-0.02091353275649177
2026-05-14,8778.709,8670.157,-0.010776739185650808
2026-05-15,8682.654,8536.344,-0.005404663685677269
2026-05-18,8720.213,8554.237,-0.0028602940722057824
2026-05-19,8808.645,8627.946,-0.001130101295134578
2026-05-20,8808.91,8656.306,-0.004921155404927768
2026-05-21,8510.496,8419.837,-0.012413984385500676
2026-05-22,8692.666,8576.94,-0.00955973335985294
2026-05-25,8799.312,8703.89,-0.012607765261990478
2026-05-26,8687.253,8658.619,-0.021293609913826117
2026-05-27,8546.514,8530.98,-0.022653373316746217
2026-05-28,8637.743,8563.222,-0.01495963920191401
2026-05-29,8408.736,8359.56,-0.017715764172469006
2026-06-01,8345.129,8274.212,-0.014598499759658212
2026-06-02,8384.781,8321.435,-0.01573472530932718
2026-06-03,8432.679,8362.156,-0.014905182115346971
2026-06-04,8420.095,8356.744,-0.015836313309334216
2026-06-05,8340.963,8251.141,-0.012035968822094345
2026-06-08,8081.261,7963.453,-0.00750834023786684
2026-06-09,8318.698,8176.179,-0.004862159645514064
2026-06-10,8198.723,8063.864,-0.005548143080524648
2026-06-11,8159.455,8035.779,-0.0069431251665079685
2026-06-12,8202.799,8106.203,-0.010721994471792895
2026-06-15,8521.233,8406.748,-0.009230719262172782
2026-06-16,8646.403,8507.98,-0.0063637202044721786
2026-06-17,8704.468,8627.086,-0.014766885442301758
2026-06-18,8771.024,8673.09,-0.01218695560755001
2026-06-22,8865.676,8868.782,-0.026092320995152463
2026-06-23,8680.039,8688.592,-0.026289604850324944
2026-06-24,8793.487,8842.938,-0.0321356634438672
2026-06-25,8825.92,8938.011,-0.0406803238785165
2026-06-26,8601.408,8703.565,-0.03868998783107491
2026-06-29,8597.893,8821.094,-0.05500981319033027
2026-06-30,8809.786,9031.379,-0.05540647981909497
2026-07-01,8876.63,9028.933,-0.04625215727473919
2026-07-02,8625.334,8694.176,-0.03426475780970484
2026-07-03,8620.789,8745.261,-0.04175662039983563
2026-07-06,8472.603,8651.134,-0.04862058322986074
2026-07-07,8301.804,8508.789,-0.051964701480398334
2026-07-08,8117.861,8390.019,-0.060224504810654
2026-07-09,8300.077,8652.787,-0.07161940970662273
2026-07-10,8198.308,8503.971,-0.06497761178898664
2026-07-13,7787.853,8138.144,-0.06980976112123138
2026-07-14,7925.123,8275.939,-0.07027809619358094
2026-07-15,7817.831,8147.579,-0.06712512262432835
2026-07-16,7631.762,7955.664,-0.06579762077136442
2026-07-17,7167.996,7513.763,-0.06740444325938089
2026-07-20,6965.376,7411.313,-0.08033159474243279
2026-07-21,7259.863,7800.609,-0.09397502178213746
2026-07-22,7158.762,7751.662,-0.10071833082095583
2026-07-23,7195.5,7734.31,-0.0935274538303994
2026-07-24,6995.693,7532.701,-0.09270574401271192
2026-07-27,7228.785,7720.598,-0.08728349179004435
2026-07-28,7026.276,7443.433,-0.07662524958943606
2026-07-29,7095.186,7524.508,-0.07846597562589164
2026-07-30,6900.658,7309.575,-0.07514982848848983
2026-07-31,7075.507,7493.985,-0.07694602874410561
2026-08-03,7079.776,7414.523,-0.0656622707323764
2026-08-04,7279.193,7607.487,-0.065369171993795
2026-08-05,7493.048,7809.207,-0.06435132627246543
2026-08-06,7530.425,7829.362,-0.06213614881566765
2026-08-07,7679.529,7980.125,-0.06279174042201507
2026-08-10,7733.9,8030.948,-0.06247052892367755
2026-08-11,7698.048,7967.539,-0.058649003103836916
2026-08-12,7793.717,8045.31,-0.05651142913559104
2026-08-13,7715.895,7968.381,-0.05640654592019012
2026-08-14,7769.82,7990.328,-0.05224856143689971
2026-08-17,7968.383,8184.641,-0.052250195645767716
2026-08-18,7945.964,8177.176,-0.05420271349749206
2026-08-19,7517.768,7783.456,-0.05761388550336988
2026-08-20,7589.779,7850.401,-0.05713896319611966
2026-08-21,7601.804,7854.334,-0.05608209636429762
2026-08-24,7491.49,7717.085,-0.05212885672631418
2026-08-25,7527.498,7710.937,-0.046545877603529684
2026-08-26,7544.67,7770.535,-0.05231928137900721
2026-08-27,7732.945,7946.326,-0.051180277431077004
2026-08-28,7705.029,7895.451,-0.04800204732778224
2026-08-31,7770.422,7952.099,-0.04701162795010738
2026-09-01,7691.369,7858.518,-0.04482273822584104
2026-09-02,7583.756,7729.233,-0.041587349671524
2026-09-03,7600.097,7755.361,-0.04295503084370145
2026-09-04,7508.092,7652.689,-0.04124952079282851
2026-09-07,7639.361,7759.368,-0.03831222217123931
2026-09-08,7659.607,7770.731,-0.03717244823731258
2026-09-09,7648.798,7768.106,-0.03824524805927165
2026-09-10,7587.752,7717.798,-0.03951713045225258
2026-09-11,7427.241,7580.537,-0.042188970933126346
2026-09-14,7468.299,7571.2,-0.03550909500167432
2026-09-15,7437.703,7561.591,-0.038251843775748084
2026-09-16,7587.427,7683.47,-0.03492885635992815
2026-09-17,7548.822,7654.979,-0.03618153994651663
2026-09-18,7687.594,7799.613,-0.03737423734363876
2026-09-21,7766.335,7850.48,-0.033841784439626155
2026-09-22,7759.031,7828.945,-0.03190073417933803
2026-09-23,7745.558,7791.817,-0.028670431105696448
2026-09-24,7570.145,7624.066,-0.029196146580344196
2026-09-28,7294.174,7402.295,-0.03570909090211993
2026-09-29,7325.352,7439.627,-0.03662961039920409
2026-09-30,7298.821,7435.164,-0.03952996796667374
