ts_code,name,细分行业,price_now,RPS_50,rps_50_chg,RPS_120,RPS_250,连续天数,pe_ttm,mv_亿,turnover_rate,xueqiu_url,更新日期,初次入选
000070.SZ,特发信息,通信设备,11.9,87.94,999.0,88.02,88.06,1,,105.75,9.87,https://xueqiu.com/S/SZ000070,2026-01-30,2026-01-30
000408.SZ,藏格矿业,化肥行业,86.3,92.94,-2.88,93.69,95.26,2,39.13,1355.09,1.82,https://xueqiu.com/S/SZ000408,2026-01-30,2026-01-29
000426.SZ,兴业银锡,有色金属,61.52,98.71,-0.59,99.37,99.44,6,68.53,1092.11,4.33,https://xueqiu.com/S/SZ000426,2026-01-30,2026-01-27
000506.SZ,招金黄金,贵金属,25.67,99.0,-0.47,98.38,99.87,6,532.12,238.39,3.26,https://xueqiu.com/S/SZ000506,2026-01-30,2026-01-27
000510.SZ,新金路,化学原料,16.17,99.35,-0.06,99.42,98.97,6,,98.1,16.73,https://xueqiu.com/S/SZ000510,2026-01-30,2026-01-27
000534.SZ,万泽股份,生物制品,29.36,93.6,-0.02,92.87,88.19,4,66.82,146.79,4.48,https://xueqiu.com/S/SZ000534,2026-01-30,2026-01-27
000547.SZ,航天发展,通信设备,28.48,99.28,-0.17,99.5,98.69,6,,452.58,21.62,https://xueqiu.com/S/SZ000547,2026-01-30,2026-01-27
000559.SZ,万向钱潮,汽车零部件,17.23,93.86,0.79,97.27,96.01,6,56.68,571.1,3.81,https://xueqiu.com/S/SZ000559,2026-01-30,2026-01-27
000593.SZ,德龙汇能,燃气,14.7,93.03,-2.09,97.22,95.14,6,3540.71,52.7,8.76,https://xueqiu.com/S/SZ000593,2026-01-30,2026-01-27
000603.SZ,盛达资源,有色金属,61.02,99.61,-0.19,99.68,99.14,6,81.99,406.83,3.79,https://xueqiu.com/S/SZ000603,2026-01-30,2026-01-27
000630.SZ,铜陵有色,有色金属,8.27,96.88,-1.55,97.57,94.66,5,59.97,921.53,8.79,https://xueqiu.com/S/SZ000630,2026-01-30,2026-01-27
000657.SZ,中钨高新,小金属,48.5,99.17,0.05,99.15,99.49,6,69.98,704.67,9.03,https://xueqiu.com/S/SZ000657,2026-01-30,2026-01-27
000672.SZ,上峰水泥,水泥建材,14.43,91.12,1.59,89.64,89.99,2,18.63,139.88,3.02,https://xueqiu.com/S/SZ000672,2026-01-30,2026-01-29
000703.SZ,恒逸石化,化纤行业,12.08,96.53,-0.58,95.73,87.25,2,185.89,432.87,1.56,https://xueqiu.com/S/SZ000703,2026-01-30,2026-01-29
000737.SZ,北方铜业,有色金属,19.49,91.37,-2.88,93.33,88.86,2,49.14,371.19,16.97,https://xueqiu.com/S/SZ000737,2026-01-30,2026-01-29
000751.SZ,锌业股份,铅锌,6.88,96.37,-2.25,95.97,93.29,5,162.37,97.0,3.52,https://xueqiu.com/S/SZ000751,2026-01-30,2026-01-27
000807.SZ,云铝股份,有色金属,33.64,92.26,-3.83,96.68,88.53,3,23.38,1166.61,3.75,https://xueqiu.com/S/SZ000807,2026-01-30,2026-01-28
000878.SZ,云南铜业,铜,26.52,95.8,-2.1,95.6,89.88,3,46.32,531.35,8.51,https://xueqiu.com/S/SZ000878,2026-01-30,2026-01-28
000901.SZ,航天科技,汽车配件,28.22,95.93,0.26,94.99,95.18,6,190.9,225.25,18.27,https://xueqiu.com/S/SZ000901,2026-01-30,2026-01-27
000960.SZ,锡业股份,小金属,39.82,96.85,-1.82,97.1,95.88,6,34.38,655.36,5.31,https://xueqiu.com/S/SZ000960,2026-01-30,2026-01-27
000962.SZ,东方钽业,小金属,38.68,93.82,-1.59,97.44,94.83,6,73.58,194.04,6.77,https://xueqiu.com/S/SZ000962,2026-01-30,2026-01-27
000969.SZ,安泰科技,小金属,23.95,88.42,-1.43,93.3,88.58,4,80.14,247.58,5.57,https://xueqiu.com/S/SZ000969,2026-01-30,2026-01-27
000975.SZ,山金国际,黄金,34.84,97.09,-1.69,94.62,90.4,5,33.3,880.56,1.95,https://xueqiu.com/S/SZ000975,2026-01-30,2026-01-27
001208.SZ,华菱线缆,电气设备,21.55,98.4,0.1,92.2,92.86,6,119.66,56.76,9.47,https://xueqiu.com/S/SZ001208,2026-01-30,2026-01-27
001210.SZ,金房能源,供气供热,24.13,92.83,1.58,88.84,89.07,3,50.09,23.0,5.74,https://xueqiu.com/S/SZ001210,2026-01-30,2026-01-28
001267.SZ,汇绿生态,建筑工程,29.15,96.76,0.87,96.73,97.75,5,252.17,176.7,10.51,https://xueqiu.com/S/SZ001267,2026-01-30,2026-01-27
001270.SZ,*ST铖昌,半导体,157.29,99.93,0.08,99.67,99.36,6,357.15,320.08,7.32,https://xueqiu.com/S/SZ001270,2026-01-30,2026-01-27
001311.SZ,多利科技,汽车配件,42.92,97.49,0.24,93.95,90.08,4,48.5,33.84,12.17,https://xueqiu.com/S/SZ001311,2026-01-30,2026-01-27
001331.SZ,胜通能源,供气供热,53.67,99.98,0.02,99.72,99.89,6,4561.54,90.1,3.46,https://xueqiu.com/S/SZ001331,2026-01-30,2026-01-27
001337.SZ,四川黄金,黄金,66.18,99.43,-0.29,98.85,96.89,6,66.13,190.9,2.76,https://xueqiu.com/S/SZ001337,2026-01-30,2026-01-27
001359.SZ,平安电工,矿物制品,75.24,93.4,999.0,87.39,95.84,1,54.8,34.9,4.39,https://xueqiu.com/S/SZ001359,2026-01-30,2026-01-30
001360.SZ,南矿集团,工程机械,26.18,96.33,-1.11,90.33,87.08,5,104.21,21.41,14.78,https://xueqiu.com/S/SZ001360,2026-01-30,2026-01-27
002009.SZ,天奇股份,工程机械,28.38,96.98,999.0,90.07,87.16,1,,100.5,26.8,https://xueqiu.com/S/SZ002009,2026-01-30,2026-01-30
002028.SZ,思源电气,电气设备,184.8,88.35,-0.85,97.88,93.34,3,45.64,1126.3,1.74,https://xueqiu.com/S/SZ002028,2026-01-30,2026-01-28
002046.SZ,国机精工,机械基件,44.99,95.28,-1.51,94.97,97.99,6,85.73,237.9,2.68,https://xueqiu.com/S/SZ002046,2026-01-30,2026-01-27
002080.SZ,中材科技,玻璃,42.88,90.27,999.0,88.88,98.09,1,40.81,719.58,3.63,https://xueqiu.com/S/SZ002080,2026-01-30,2026-01-30
002115.SZ,三维通信,互联网,14.93,90.97,0.13,92.8,88.88,2,,112.3,22.15,https://xueqiu.com/S/SZ002115,2026-01-30,2026-01-29
002131.SZ,利欧股份,互联网,9.32,98.29,0.34,97.94,93.7,6,129.02,545.19,22.1,https://xueqiu.com/S/SZ002131,2026-01-30,2026-01-27
002149.SZ,西部材料,小金属,49.23,99.82,0.08,97.05,95.43,6,269.49,240.31,17.6,https://xueqiu.com/S/SZ002149,2026-01-30,2026-01-27
002155.SZ,湖南黄金,黄金,37.0,97.07,0.99,95.53,95.82,3,47.84,578.13,23.32,https://xueqiu.com/S/SZ002155,2026-01-30,2026-01-28
002169.SZ,智光电气,电气设备,13.0,96.79,1.6,95.58,91.13,3,,98.63,11.57,https://xueqiu.com/S/SZ002169,2026-01-30,2026-01-28
002173.SZ,创新医疗,医疗保健,28.02,87.78,-2.25,92.18,97.43,2,,116.65,8.71,https://xueqiu.com/S/SZ002173,2026-01-30,2026-01-29
002181.SZ,粤传媒,出版业,12.27,88.85,999.0,92.22,90.44,1,77.29,139.21,16.2,https://xueqiu.com/S/SZ002181,2026-01-30,2026-01-30
002195.SZ,岩山科技,软件服务,9.82,91.02,-0.28,92.07,92.39,6,322.49,550.04,8.45,https://xueqiu.com/S/SZ002195,2026-01-30,2026-01-27
002201.SZ,九鼎新材,玻璃,13.57,97.79,-0.44,93.17,94.86,6,113.22,81.69,14.46,https://xueqiu.com/S/SZ002201,2026-01-30,2026-01-27
002202.SZ,金风科技,电气设备,26.11,97.99,-0.41,98.76,94.69,6,41.59,878.39,7.08,https://xueqiu.com/S/SZ002202,2026-01-30,2026-01-27
002222.SZ,福晶科技,元器件,70.18,97.47,999.0,91.83,88.92,1,122.79,328.55,4.83,https://xueqiu.com/S/SZ002222,2026-01-30,2026-01-30
002250.SZ,联化科技,化工原料,17.54,87.37,999.0,89.77,96.25,1,40.84,156.98,3.83,https://xueqiu.com/S/SZ002250,2026-01-30,2026-01-30
002290.SZ,禾盛新材,家用电器,60.63,96.59,1.16,94.17,98.28,6,96.32,149.99,3.66,https://xueqiu.com/S/SZ002290,2026-01-30,2026-01-27
002342.SZ,巨力索具,机械基件,14.7,98.67,0.02,95.71,98.95,6,,140.34,31.66,https://xueqiu.com/S/SZ002342,2026-01-30,2026-01-27
002353.SZ,杰瑞股份,化工机械,88.25,96.94,-0.63,97.01,92.16,6,31.85,611.79,2.29,https://xueqiu.com/S/SZ002353,2026-01-30,2026-01-27
002361.SZ,神剑股份,化工原料,11.9,98.47,-0.04,89.75,91.58,6,325.54,96.29,24.67,https://xueqiu.com/S/SZ002361,2026-01-30,2026-01-27
002364.SZ,中恒电气,电气设备,31.4,91.85,-1.37,94.39,92.89,5,183.91,175.24,7.56,https://xueqiu.com/S/SZ002364,2026-01-30,2026-01-27
002378.SZ,章源钨业,小金属,22.79,98.23,-0.15,98.35,97.84,6,127.01,272.37,7.92,https://xueqiu.com/S/SZ002378,2026-01-30,2026-01-27
002379.SZ,宏桥控股,铝,30.28,94.65,-1.33,95.54,96.76,5,,344.09,2.98,https://xueqiu.com/S/SZ002379,2026-01-30,2026-01-27
002413.SZ,雷科防务,通信设备,13.33,99.21,-0.22,96.86,97.32,6,,172.68,12.08,https://xueqiu.com/S/SZ002413,2026-01-30,2026-01-27
002446.SZ,盛路通信,通信设备,12.03,94.06,999.0,88.67,88.26,1,,101.99,12.64,https://xueqiu.com/S/SZ002446,2026-01-30,2026-01-30
002471.SZ,中超控股,电气设备,7.83,98.36,-0.28,92.09,96.74,6,,105.12,16.43,https://xueqiu.com/S/SZ002471,2026-01-30,2026-01-27
002478.SZ,常宝股份,钢加工,9.89,89.03,0.8,93.24,87.93,4,14.48,71.48,6.3,https://xueqiu.com/S/SZ002478,2026-01-30,2026-01-27
002487.SZ,大金重工,电气设备,61.43,88.98,-3.12,94.5,97.06,6,36.3,387.57,2.21,https://xueqiu.com/S/SZ002487,2026-01-30,2026-01-27
002532.SZ,天山铝业,铝,18.85,93.31,-2.99,96.29,91.04,6,18.52,774.14,2.93,https://xueqiu.com/S/SZ002532,2026-01-30,2026-01-27
002536.SZ,飞龙股份,汽车配件,29.2,87.98,999.0,89.97,90.81,1,47.99,158.97,9.93,https://xueqiu.com/S/SZ002536,2026-01-30,2026-01-30
002545.SZ,东方铁塔,农药化肥,27.83,97.0,-0.59,98.9,98.73,6,37.39,314.52,1.92,https://xueqiu.com/S/SZ002545,2026-01-30,2026-01-27
002565.SZ,顺灏股份,造纸,16.9,99.47,0.15,97.81,99.68,6,315.98,179.13,11.41,https://xueqiu.com/S/SZ002565,2026-01-30,2026-01-27
002571.SZ,德力股份,家居用品,12.15,92.76,1.48,95.47,96.19,6,,36.24,4.15,https://xueqiu.com/S/SZ002571,2026-01-30,2026-01-27
002636.SZ,金安国纪,元器件,25.46,97.44,1.71,96.51,91.54,6,167.66,184.41,5.89,https://xueqiu.com/S/SZ002636,2026-01-30,2026-01-27
002647.SZ,*ST仁东,多元金融,10.12,92.57,0.27,93.07,91.51,6,,68.59,2.2,https://xueqiu.com/S/SZ002647,2026-01-30,2026-01-27
002667.SZ,威领股份,小金属,20.44,89.42,-4.7,91.0,88.71,4,,48.36,6.11,https://xueqiu.com/S/SZ002667,2026-01-30,2026-01-27
002716.SZ,湖南白银,小金属,19.04,99.85,-0.04,99.7,99.59,6,262.36,442.65,5.51,https://xueqiu.com/S/SZ002716,2026-01-30,2026-01-27
002718.SZ,友邦吊顶,其他建材,75.18,99.45,-0.13,99.87,99.72,6,,40.98,5.25,https://xueqiu.com/S/SZ002718,2026-01-30,2026-01-27
002772.SZ,众兴菌业,种植业,16.41,88.31,999.0,95.28,92.44,1,26.48,64.02,6.12,https://xueqiu.com/S/SZ002772,2026-01-30,2026-01-30
002792.SZ,通宇通讯,通信设备,46.85,99.69,0.04,98.92,97.28,6,1617.94,158.27,16.34,https://xueqiu.com/S/SZ002792,2026-01-30,2026-01-27
002796.SZ,世嘉科技,通信设备,44.6,99.5,0.16,99.48,98.35,6,864.18,101.56,10.8,https://xueqiu.com/S/SZ002796,2026-01-30,2026-01-27
002837.SZ,英维克,专用机械,106.99,94.36,3.74,98.61,97.86,6,209.39,909.62,10.12,https://xueqiu.com/S/SZ002837,2026-01-30,2026-01-27
002842.SZ,翔鹭钨业,小金属,26.12,99.26,-0.13,98.98,98.41,6,,70.12,25.96,https://xueqiu.com/S/SZ002842,2026-01-30,2026-01-27
002853.SZ,皮阿诺,家居用品,27.7,98.75,-0.2,96.53,94.92,6,,35.65,5.84,https://xueqiu.com/S/SZ002853,2026-01-30,2026-01-27
002871.SZ,伟隆股份,机械基件,20.39,90.43,2.0,94.49,90.74,6,35.6,30.46,3.0,https://xueqiu.com/S/SZ002871,2026-01-30,2026-01-27
002922.SZ,伊戈尔,电气设备,38.97,92.04,0.87,97.25,90.78,6,63.39,145.67,3.26,https://xueqiu.com/S/SZ002922,2026-01-30,2026-01-27
002943.SZ,宇晶股份,机床制造,75.56,99.24,0.01,98.63,98.71,6,,109.98,8.66,https://xueqiu.com/S/SZ002943,2026-01-30,2026-01-27
300004.SZ,南风股份,电气设备,14.54,92.33,-0.19,90.23,92.2,6,105.79,69.79,6.74,https://xueqiu.com/S/SZ300004,2026-01-30,2026-01-27
300005.SZ,探路者,服饰,13.63,87.85,-2.44,88.17,87.06,6,317.69,120.4,4.41,https://xueqiu.com/S/SZ300005,2026-01-30,2026-01-27
300058.SZ,蓝色光标,广告包装,23.33,99.58,0.08,99.39,97.98,6,,811.89,25.94,https://xueqiu.com/S/SZ300058,2026-01-30,2026-01-27
300102.SZ,乾照光电,半导体,38.13,99.78,0.02,99.28,98.16,6,259.52,349.4,12.85,https://xueqiu.com/S/SZ300102,2026-01-30,2026-01-27
300136.SZ,信维通信,元器件,80.03,99.65,-0.02,99.41,97.64,6,125.94,659.9,14.56,https://xueqiu.com/S/SZ300136,2026-01-30,2026-01-27
300139.SZ,晓程科技,黄金,67.5,99.67,-0.27,99.55,98.93,6,223.62,157.72,15.89,https://xueqiu.com/S/SZ300139,2026-01-30,2026-01-27
300164.SZ,通源石油,石油开采,12.88,98.99,-0.11,98.01,95.63,4,118.89,75.12,55.34,https://xueqiu.com/S/SZ300164,2026-01-30,2026-01-27
300189.SZ,神农种业,种植业,8.66,95.58,999.0,93.41,91.92,1,,76.75,53.2,https://xueqiu.com/S/SZ300189,2026-01-30,2026-01-30
300191.SZ,潜能恒信,石油开采,31.33,94.99,-2.85,88.53,92.37,2,,69.3,20.67,https://xueqiu.com/S/SZ300191,2026-01-30,2026-01-29
300223.SZ,北京君正,半导体,143.8,97.05,1.82,96.71,91.08,4,218.53,604.78,9.31,https://xueqiu.com/S/SZ300223,2026-01-30,2026-01-27
300236.SZ,上海新阳,半导体,77.89,92.66,-1.09,94.28,89.39,6,94.95,217.1,4.03,https://xueqiu.com/S/SZ300236,2026-01-30,2026-01-27
300308.SZ,中际旭创,通信设备,649.0,89.59,0.57,99.18,99.63,4,84.33,7174.7,3.23,https://xueqiu.com/S/SZ300308,2026-01-30,2026-01-27
300331.SZ,苏大维格,元器件,48.6,96.2,-0.7,97.29,92.59,6,,102.16,11.0,https://xueqiu.com/S/SZ300331,2026-01-30,2026-01-27
300342.SZ,天银机电,家用电器,49.84,99.71,-0.0,98.74,96.53,6,356.65,208.73,14.71,https://xueqiu.com/S/SZ300342,2026-01-30,2026-01-27
300373.SZ,扬杰科技,半导体,86.8,89.36,999.0,88.14,87.74,1,36.09,470.58,4.5,https://xueqiu.com/S/SZ300373,2026-01-30,2026-01-30
300385.SZ,雪浪环境,环境保护,11.67,98.58,1.75,95.64,93.06,3,,33.92,11.75,https://xueqiu.com/S/SZ300385,2026-01-30,2026-01-28
300394.SZ,天孚通信,通信设备,248.43,96.68,2.47,97.99,96.87,4,105.4,1927.45,9.39,https://xueqiu.com/S/SZ300394,2026-01-30,2026-01-27
300409.SZ,道氏技术,电气设备,29.35,87.59,-1.87,90.68,90.49,3,53.99,201.78,9.49,https://xueqiu.com/S/SZ300409,2026-01-30,2026-01-28
300421.SZ,力星股份,机械基件,28.53,95.13,0.62,93.04,92.11,6,149.37,65.72,6.95,https://xueqiu.com/S/SZ300421,2026-01-30,2026-01-27
300427.SZ,红相股份,电气设备,13.88,90.45,-5.99,95.41,93.38,6,,69.82,14.73,https://xueqiu.com/S/SZ300427,2026-01-30,2026-01-27
300435.SZ,中泰股份,供气供热,30.96,96.02,0.41,94.37,95.31,6,175.43,114.19,7.33,https://xueqiu.com/S/SZ300435,2026-01-30,2026-01-27
300456.SZ,赛微电子,半导体,52.26,98.12,-0.59,98.64,97.04,6,25.12,312.23,9.1,https://xueqiu.com/S/SZ300456,2026-01-30,2026-01-27
300502.SZ,新易盛,通信设备,419.49,88.26,999.0,97.66,99.27,1,55.46,3714.24,5.74,https://xueqiu.com/S/SZ300502,2026-01-30,2026-01-30
300503.SZ,昊志机电,机械基件,55.57,98.97,-0.02,97.34,94.34,6,138.53,133.91,10.5,https://xueqiu.com/S/SZ300503,2026-01-30,2026-01-27
300516.SZ,久之洋,电器仪表,68.99,96.5,-0.98,91.31,89.22,6,381.24,124.18,4.4,https://xueqiu.com/S/SZ300516,2026-01-30,2026-01-27
300548.SZ,长芯博创,通信设备,162.0,95.69,-0.0,91.48,97.15,4,166.14,436.61,15.27,https://xueqiu.com/S/SZ300548,2026-01-30,2026-01-27
300567.SZ,精测电子,电器仪表,132.46,98.73,-0.04,97.4,89.95,6,,300.75,7.31,https://xueqiu.com/S/SZ300567,2026-01-30,2026-01-27
300593.SZ,新雷能,电气设备,28.76,87.35,-1.37,91.33,95.09,6,,129.5,4.67,https://xueqiu.com/S/SZ300593,2026-01-30,2026-01-27
300604.SZ,长川科技,半导体,127.53,96.74,0.37,98.96,95.97,6,83.72,624.2,6.73,https://xueqiu.com/S/SZ300604,2026-01-30,2026-01-27
300626.SZ,华瑞股份,电气设备,20.32,91.83,0.49,92.42,90.12,6,,36.56,8.14,https://xueqiu.com/S/SZ300626,2026-01-30,2026-01-27
300658.SZ,延江股份,纺织,18.0,97.81,0.35,98.46,97.77,6,163.79,40.59,18.78,https://xueqiu.com/S/SZ300658,2026-01-30,2026-01-27
300672.SZ,国科微,半导体,142.1,87.56,999.0,91.42,92.24,1,893.21,298.89,5.63,https://xueqiu.com/S/SZ300672,2026-01-30,2026-01-30
300684.SZ,中石科技,元器件,56.33,91.56,1.36,94.41,90.7,5,52.56,115.08,6.07,https://xueqiu.com/S/SZ300684,2026-01-30,2026-01-27
300724.SZ,捷佳伟创,专用机械,137.7,94.88,0.3,95.8,91.53,6,13.99,396.18,13.3,https://xueqiu.com/S/SZ300724,2026-01-30,2026-01-27
300731.SZ,科创新源,橡胶,69.92,95.56,999.0,93.2,97.17,1,262.79,84.03,19.15,https://xueqiu.com/S/SZ300731,2026-01-30,2026-01-30
300749.SZ,顶固集创,家居用品,16.74,96.96,1.11,94.54,94.62,6,,26.35,8.13,https://xueqiu.com/S/SZ300749,2026-01-30,2026-01-27
300751.SZ,迈为股份,专用机械,310.52,99.83,0.01,99.89,97.19,6,104.45,600.4,7.87,https://xueqiu.com/S/SZ300751,2026-01-30,2026-01-27
300774.SZ,倍杰特,环境保护,23.17,90.03,-5.12,98.31,95.22,6,111.68,45.15,12.47,https://xueqiu.com/S/SZ300774,2026-01-30,2026-01-27
300780.SZ,德恩精工,机械基件,30.3,97.94,-0.38,92.33,88.34,2,,32.58,27.02,https://xueqiu.com/S/SZ300780,2026-01-30,2026-01-29
300785.SZ,值得买,互联网,74.5,97.31,1.29,96.25,92.07,2,174.53,91.14,24.51,https://xueqiu.com/S/SZ300785,2026-01-30,2026-01-29
300806.SZ,斯迪克,塑料,58.57,99.1,1.29,99.26,98.43,5,572.43,185.2,14.84,https://xueqiu.com/S/SZ300806,2026-01-30,2026-01-27
300816.SZ,艾可蓝,汽车配件,66.41,94.64,-0.03,95.49,95.76,6,73.38,37.63,5.48,https://xueqiu.com/S/SZ300816,2026-01-30,2026-01-27
300837.SZ,浙矿股份,专用机械,51.92,98.1,-0.43,96.34,94.99,6,125.64,39.25,12.94,https://xueqiu.com/S/SZ300837,2026-01-30,2026-01-27
300842.SZ,帝科股份,电气设备,108.41,98.19,0.18,98.25,94.49,6,163.11,140.55,10.93,https://xueqiu.com/S/SZ300842,2026-01-30,2026-01-27
300857.SZ,协创数据,IT设备,227.96,95.94,1.1,98.94,97.26,6,94.76,786.75,4.72,https://xueqiu.com/S/SZ300857,2026-01-30,2026-01-27
300870.SZ,欧陆通,电气设备,249.57,91.72,0.23,93.32,91.06,4,82.33,274.17,6.01,https://xueqiu.com/S/SZ300870,2026-01-30,2026-01-27
300903.SZ,科翔股份,元器件,28.22,96.13,2.62,97.85,97.92,5,,92.67,14.36,https://xueqiu.com/S/SZ300903,2026-01-30,2026-01-27
300952.SZ,恒辉安防,纺织,49.05,97.84,0.71,93.43,87.12,2,81.04,51.4,7.91,https://xueqiu.com/S/SZ300952,2026-01-30,2026-01-29
300969.SZ,恒帅股份,汽车配件,137.58,94.03,1.31,88.4,89.05,2,85.96,69.15,3.29,https://xueqiu.com/S/SZ300969,2026-01-30,2026-01-29
300986.SZ,志特新材,建筑工程,37.35,99.91,-0.02,98.4,98.78,6,116.37,153.75,18.08,https://xueqiu.com/S/SZ300986,2026-01-30,2026-01-27
301005.SZ,超捷股份,汽车配件,177.8,99.94,-0.04,99.85,99.83,6,1761.47,235.35,9.66,https://xueqiu.com/S/SZ301005,2026-01-30,2026-01-27
301021.SZ,英诺激光,专用机械,57.97,94.8,2.48,93.87,91.02,6,205.78,88.54,4.5,https://xueqiu.com/S/SZ301021,2026-01-30,2026-01-27
301043.SZ,绿岛风,机械基件,71.14,96.44,1.34,95.43,94.68,6,56.22,40.37,4.35,https://xueqiu.com/S/SZ301043,2026-01-30,2026-01-27
301086.SZ,鸿富瀚,元器件,137.25,95.87,1.49,98.81,95.86,6,151.85,64.97,5.53,https://xueqiu.com/S/SZ301086,2026-01-30,2026-01-27
301093.SZ,华兰股份,医疗保健,77.51,97.36,0.05,99.0,98.65,6,251.27,121.64,3.97,https://xueqiu.com/S/SZ301093,2026-01-30,2026-01-27
301117.SZ,佳缘科技,软件服务,55.4,94.18,-1.82,94.34,91.62,6,362.62,44.02,13.86,https://xueqiu.com/S/SZ301117,2026-01-30,2026-01-27
301123.SZ,奕东电子,元器件,63.35,95.82,1.85,96.21,93.68,6,,147.99,6.0,https://xueqiu.com/S/SZ301123,2026-01-30,2026-01-27
301171.SZ,易点天下,互联网,71.6,99.15,0.11,96.96,93.48,6,140.53,272.72,21.67,https://xueqiu.com/S/SZ301171,2026-01-30,2026-01-27
301183.SZ,东田微,元器件,165.0,97.38,1.54,98.5,96.04,6,138.1,96.86,18.9,https://xueqiu.com/S/SZ301183,2026-01-30,2026-01-27
301200.SZ,大族数控,专用机械,160.38,93.51,1.27,94.88,98.8,6,115.69,675.82,1.12,https://xueqiu.com/S/SZ301200,2026-01-30,2026-01-27
301205.SZ,联特科技,通信设备,223.0,98.65,-0.28,97.42,96.94,6,257.2,151.55,23.9,https://xueqiu.com/S/SZ301205,2026-01-30,2026-01-27
301216.SZ,万凯新材,化工原料,22.8,88.7,0.66,88.92,92.18,4,,125.02,1.86,https://xueqiu.com/S/SZ301216,2026-01-30,2026-01-27
301225.SZ,恒勃股份,汽车配件,146.86,98.14,-0.04,93.65,99.64,6,109.43,43.88,3.5,https://xueqiu.com/S/SZ301225,2026-01-30,2026-01-27
301232.SZ,飞沃科技,机械基件,245.07,100.0,0.0,100.0,99.98,6,,109.47,15.89,https://xueqiu.com/S/SZ301232,2026-01-30,2026-01-27
301235.SZ,华康洁净,医疗保健,52.28,97.97,999.0,90.72,95.11,1,52.01,38.03,25.98,https://xueqiu.com/S/SZ301235,2026-01-30,2026-01-30
301237.SZ,和顺科技,塑料,63.53,89.6,1.78,88.54,95.69,6,,41.84,1.59,https://xueqiu.com/S/SZ301237,2026-01-30,2026-01-27
301248.SZ,杰创智能,软件服务,47.16,97.6,0.05,91.13,96.98,6,5830.49,52.97,6.75,https://xueqiu.com/S/SZ301248,2026-01-30,2026-01-27
301257.SZ,普蕊斯,医疗保健,69.69,96.18,2.22,91.53,94.96,5,45.3,52.49,6.0,https://xueqiu.com/S/SZ301257,2026-01-30,2026-01-27
301285.SZ,鸿日达,元器件,72.62,92.9,-0.1,90.88,92.99,6,,57.01,2.72,https://xueqiu.com/S/SZ301285,2026-01-30,2026-01-27
301306.SZ,西测测试,航空,105.4,98.8,-0.02,89.96,96.66,6,,61.45,7.41,https://xueqiu.com/S/SZ301306,2026-01-30,2026-01-27
301312.SZ,智立方,专用机械,68.6,95.61,999.0,87.23,90.98,1,97.73,41.54,10.33,https://xueqiu.com/S/SZ301312,2026-01-30,2026-01-30
301338.SZ,凯格精机,专用机械,125.3,99.06,-0.02,96.57,98.48,6,90.24,74.11,8.76,https://xueqiu.com/S/SZ301338,2026-01-30,2026-01-27
301377.SZ,鼎泰高科,机械基件,180.49,97.25,1.12,99.57,99.93,6,219.6,128.19,7.18,https://xueqiu.com/S/SZ301377,2026-01-30,2026-01-27
301396.SZ,宏景科技,软件服务,111.88,98.56,1.56,96.16,99.55,4,274.19,85.12,31.07,https://xueqiu.com/S/SZ301396,2026-01-30,2026-01-27
301446.SZ,福事特,机械基件,46.81,93.33,-2.82,92.37,92.01,5,55.64,14.87,9.69,https://xueqiu.com/S/SZ301446,2026-01-30,2026-01-27
301468.SZ,博盈特焊,专用机械,67.0,97.7,1.15,98.05,97.24,6,194.6,50.25,13.49,https://xueqiu.com/S/SZ301468,2026-01-30,2026-01-27
301486.SZ,致尚科技,元器件,198.37,99.63,0.5,98.7,98.56,6,149.46,143.73,12.2,https://xueqiu.com/S/SZ301486,2026-01-30,2026-01-27
301526.SZ,国际复材,玻璃,8.74,95.59,0.58,93.8,94.26,6,432.06,122.74,16.55,https://xueqiu.com/S/SZ301526,2026-01-30,2026-01-27
301529.SZ,福赛科技,汽车配件,133.4,99.3,-0.06,95.04,99.25,6,74.32,60.35,5.06,https://xueqiu.com/S/SZ301529,2026-01-30,2026-01-27
301550.SZ,斯菱智驱,汽车配件,168.88,98.91,0.18,98.53,99.06,6,202.36,238.26,5.39,https://xueqiu.com/S/SZ301550,2026-01-30,2026-01-27
301611.SZ,珂玛科技,半导体,126.68,99.41,999.0,97.73,89.24,1,167.53,185.69,9.7,https://xueqiu.com/S/SZ301611,2026-01-30,2026-01-30
600105.SH,永鼎股份,通信设备,26.43,97.29,-0.57,99.05,99.51,6,115.97,386.41,10.91,https://xueqiu.com/S/SH600105,2026-01-30,2026-01-27
600118.SH,中国卫星,航空,91.26,99.19,-0.07,99.22,98.01,6,1877.88,1079.14,5.2,https://xueqiu.com/S/SH600118,2026-01-30,2026-01-27
600151.SH,航天机电,汽车配件,15.09,98.3,0.22,95.3,90.68,6,,216.43,5.1,https://xueqiu.com/S/SH600151,2026-01-30,2026-01-27
600176.SH,中国巨石,玻璃,21.37,91.82,999.0,92.61,87.42,1,24.58,855.47,1.59,https://xueqiu.com/S/SH600176,2026-01-30,2026-01-30
600201.SH,生物股份,农业综合,18.05,94.54,-0.78,96.08,95.89,6,199.16,200.67,3.71,https://xueqiu.com/S/SH600201,2026-01-30,2026-01-27
600226.SH,亨通股份,供气供热,6.17,93.77,3.31,96.6,92.26,6,96.22,183.52,4.33,https://xueqiu.com/S/SH600226,2026-01-30,2026-01-27
600230.SH,沧州大化,化工原料,22.7,98.05,0.72,91.11,89.65,2,173.61,93.97,12.77,https://xueqiu.com/S/SH600230,2026-01-30,2026-01-29
600301.SH,华锡有色,小金属,56.61,96.55,-1.79,98.42,97.45,6,58.55,155.87,3.41,https://xueqiu.com/S/SH600301,2026-01-30,2026-01-27
600302.SH,标准股份,纺织机械,13.6,91.91,2.54,95.25,95.67,2,,47.06,4.76,https://xueqiu.com/S/SH600302,2026-01-30,2026-01-29
600331.SH,宏达股份,农药化肥,16.26,94.08,2.19,90.9,91.24,3,,330.4,8.77,https://xueqiu.com/S/SH600331,2026-01-30,2026-01-28
600343.SH,航天动力,机械基件,36.37,99.23,0.06,97.49,97.9,6,,232.12,9.94,https://xueqiu.com/S/SH600343,2026-01-30,2026-01-27
600362.SH,江西铜业,铜,63.42,97.71,-1.09,98.87,97.09,6,27.45,1316.12,4.37,https://xueqiu.com/S/SH600362,2026-01-30,2026-01-27
600382.SH,广东明珠,普钢,9.52,92.07,0.69,93.28,91.0,5,30.49,66.11,5.6,https://xueqiu.com/S/SH600382,2026-01-30,2026-01-27
600391.SH,航发科技,航空,51.9,98.62,-0.29,90.2,95.73,4,382.67,171.34,7.8,https://xueqiu.com/S/SH600391,2026-01-30,2026-01-27
600397.SH,江钨装备,煤炭开采,10.02,94.58,0.4,89.81,90.61,6,,99.19,5.07,https://xueqiu.com/S/SH600397,2026-01-30,2026-01-27
600487.SH,亨通光电,通信设备,35.01,97.95,999.0,96.84,91.99,1,30.52,856.06,7.21,https://xueqiu.com/S/SH600487,2026-01-30,2026-01-30
600489.SH,中金黄金,黄金,36.9,96.72,-2.14,98.29,96.31,6,40.45,1788.66,2.38,https://xueqiu.com/S/SH600489,2026-01-30,2026-01-27
600490.SH,鹏欣资源,铜,10.04,87.17,-7.38,96.97,96.78,3,87.36,200.06,10.21,https://xueqiu.com/S/SH600490,2026-01-30,2026-01-28
600498.SH,烽火通信,通信设备,39.6,97.86,0.16,93.22,88.75,6,65.44,503.56,8.06,https://xueqiu.com/S/SH600498,2026-01-30,2026-01-27
600531.SH,豫光金铅,铅锌,22.31,98.88,-0.36,98.51,98.03,6,30.88,269.79,1.88,https://xueqiu.com/S/SH600531,2026-01-30,2026-01-27
600547.SH,山东黄金,黄金,54.55,94.67,-3.38,92.16,91.96,5,51.94,1971.68,2.13,https://xueqiu.com/S/SH600547,2026-01-30,2026-01-27
600549.SH,厦门钨业,小金属,56.55,97.4,-0.74,98.27,96.42,6,38.85,878.75,6.23,https://xueqiu.com/S/SH600549,2026-01-30,2026-01-27
600595.SH,中孚实业,铝,9.71,94.21,-2.45,95.45,96.93,6,33.44,389.17,3.09,https://xueqiu.com/S/SH600595,2026-01-30,2026-01-27
600673.SH,东阳光,综合类,27.24,88.74,0.11,94.08,91.68,6,84.69,817.62,1.34,https://xueqiu.com/S/SH600673,2026-01-30,2026-01-27
600711.SH,盛屯矿业,小金属,16.16,88.39,-5.51,96.1,97.3,6,24.89,499.44,6.73,https://xueqiu.com/S/SH600711,2026-01-30,2026-01-27
600759.SH,洲际油气,石油开采,5.45,98.86,-0.02,97.47,93.42,3,54.48,225.83,25.41,https://xueqiu.com/S/SH600759,2026-01-30,2026-01-28
600869.SH,远东股份,电气设备,12.11,97.82,0.33,96.12,93.55,6,,268.76,4.31,https://xueqiu.com/S/SH600869,2026-01-30,2026-01-27
600879.SH,航天电子,航空,25.75,99.48,-0.04,97.77,96.83,6,434.87,849.57,10.13,https://xueqiu.com/S/SH600879,2026-01-30,2026-01-27
600961.SH,株冶集团,铅锌,22.93,95.1,-2.97,95.15,95.58,6,23.14,172.39,3.9,https://xueqiu.com/S/SH600961,2026-01-30,2026-01-27
600988.SH,赤峰黄金,黄金,43.2,91.58,-5.36,92.91,94.21,5,30.21,718.81,5.65,https://xueqiu.com/S/SH600988,2026-01-30,2026-01-27
601069.SH,西部黄金,黄金,44.72,97.33,-1.27,97.64,98.31,5,89.14,396.75,11.28,https://xueqiu.com/S/SH601069,2026-01-30,2026-01-27
601126.SH,四方股份,电气设备,37.52,92.81,0.7,96.99,92.61,6,38.57,309.57,2.25,https://xueqiu.com/S/SH601126,2026-01-30,2026-01-27
601168.SH,西部矿业,铜,35.6,95.24,-2.7,96.05,90.1,5,26.98,848.35,3.31,https://xueqiu.com/S/SH601168,2026-01-30,2026-01-27
601179.SH,中国西电,电气设备,14.5,96.57,-0.57,97.16,87.01,6,61.63,743.25,5.19,https://xueqiu.com/S/SH601179,2026-01-30,2026-01-27
601208.SH,东材科技,化工原料,28.42,97.64,1.9,92.44,98.14,2,126.04,287.09,8.71,https://xueqiu.com/S/SH601208,2026-01-30,2026-01-29
601212.SH,白银有色,铜,13.67,99.72,-0.11,99.83,99.38,6,572.27,1012.23,1.19,https://xueqiu.com/S/SH601212,2026-01-30,2026-01-27
601231.SH,环旭电子,元器件,33.88,96.04,2.91,96.62,90.85,5,50.0,809.43,2.33,https://xueqiu.com/S/SH601231,2026-01-30,2026-01-27
601615.SH,明阳智能,电气设备,23.2,97.46,-0.29,96.31,90.04,5,172.95,524.67,8.68,https://xueqiu.com/S/SH601615,2026-01-30,2026-01-27
601869.SH,长飞光纤,通信设备,149.12,98.25,1.07,98.66,99.46,6,215.6,605.93,5.44,https://xueqiu.com/S/SH601869,2026-01-30,2026-01-27
601899.SH,紫金矿业,铜,40.14,91.21,-4.33,95.84,94.04,5,23.43,8269.2,3.25,https://xueqiu.com/S/SH601899,2026-01-30,2026-01-27
601958.SH,金钼股份,小金属,20.52,93.11,-3.35,90.31,87.55,5,20.77,662.1,1.74,https://xueqiu.com/S/SH601958,2026-01-30,2026-01-27
603040.SH,新坐标,汽车配件,112.0,95.08,-1.16,97.72,99.34,6,58.97,152.03,3.26,https://xueqiu.com/S/SH603040,2026-01-30,2026-01-27
603052.SH,可川科技,元器件,69.07,99.13,0.16,96.92,94.17,4,380.33,129.78,10.1,https://xueqiu.com/S/SH603052,2026-01-30,2026-01-27
603061.SH,金海通,半导体,300.68,99.56,0.08,99.33,98.37,6,113.8,125.76,7.53,https://xueqiu.com/S/SH603061,2026-01-30,2026-01-27
603090.SH,宏盛股份,专用机械,76.07,97.03,-0.69,98.16,98.82,6,115.31,76.07,12.24,https://xueqiu.com/S/SH603090,2026-01-30,2026-01-27
603130.SH,云中马,纺织,57.36,96.07,0.42,89.62,95.5,6,94.32,78.88,1.53,https://xueqiu.com/S/SH603130,2026-01-30,2026-01-27
603163.SH,圣晖集成,建筑工程,110.85,99.39,0.2,99.46,98.84,6,81.53,110.85,6.69,https://xueqiu.com/S/SH603163,2026-01-30,2026-01-27
603186.SH,华正新材,元器件,67.03,96.77,0.51,95.9,94.9,6,,95.2,6.52,https://xueqiu.com/S/SH603186,2026-01-30,2026-01-27
603216.SH,梦天家居,家居用品,47.17,99.74,999.0,99.59,99.01,1,137.05,105.04,3.52,https://xueqiu.com/S/SH603216,2026-01-30,2026-01-30
603256.SH,宏和科技,玻璃,54.16,98.43,1.03,97.18,99.81,6,309.63,476.46,3.97,https://xueqiu.com/S/SH603256,2026-01-30,2026-01-27
603286.SH,日盈电子,汽车配件,68.86,97.14,0.36,96.03,98.2,6,,79.47,4.84,https://xueqiu.com/S/SH603286,2026-01-30,2026-01-27
603308.SH,应流股份,机械基件,51.4,93.12,0.29,95.01,95.28,6,98.74,349.02,3.08,https://xueqiu.com/S/SH603308,2026-01-30,2026-01-27
603588.SH,高能环境,环境保护,10.15,92.7,-0.8,88.3,87.63,4,27.27,154.61,5.47,https://xueqiu.com/S/SH603588,2026-01-30,2026-01-27
603601.SH,再升科技,玻璃,11.32,99.52,-0.07,98.09,97.83,6,159.39,129.31,13.85,https://xueqiu.com/S/SH603601,2026-01-30,2026-01-27
603608.SH,天创时尚,服饰,10.88,94.84,-0.18,90.98,96.51,6,,45.67,5.41,https://xueqiu.com/S/SH603608,2026-01-30,2026-01-27
603626.SH,科森科技,元器件,20.29,97.53,0.77,97.51,94.54,6,,112.59,4.6,https://xueqiu.com/S/SH603626,2026-01-30,2026-01-27
603696.SH,安记食品,食品,18.86,94.4,0.41,92.65,91.94,6,110.23,44.36,5.29,https://xueqiu.com/S/SH603696,2026-01-30,2026-01-27
603698.SH,航天工程,专用机械,34.3,98.54,0.29,94.93,89.26,6,93.74,183.84,4.54,https://xueqiu.com/S/SH603698,2026-01-30,2026-01-27
603778.SH,国晟科技,电气设备,12.89,93.44,-4.09,99.44,98.86,6,,82.86,15.18,https://xueqiu.com/S/SH603778,2026-01-30,2026-01-27
603926.SH,铁流股份,汽车配件,26.36,97.77,1.49,97.07,96.21,6,60.82,60.85,6.12,https://xueqiu.com/S/SH603926,2026-01-30,2026-01-27
603929.SH,亚翔集成,装修装饰,158.29,99.8,0.17,99.91,99.79,6,52.82,337.73,3.52,https://xueqiu.com/S/SH603929,2026-01-30,2026-01-27
603938.SH,三孚股份,化工原料,26.6,91.04,2.83,93.39,94.08,4,131.53,101.78,3.99,https://xueqiu.com/S/SH603938,2026-01-30,2026-01-27
603986.SH,兆易创新,半导体,314.88,95.83,0.55,98.72,92.8,6,162.08,2102.91,5.63,https://xueqiu.com/S/SH603986,2026-01-30,2026-01-27
603993.SH,洛阳钼业,小金属,24.33,95.35,-2.53,98.59,98.11,6,26.64,4248.22,2.85,https://xueqiu.com/S/SH603993,2026-01-30,2026-01-27
605003.SH,众望布艺,纺织,36.59,90.56,999.0,89.9,88.85,1,61.75,40.25,2.17,https://xueqiu.com/S/SH605003,2026-01-30,2026-01-30
605155.SH,西大门,家居用品,21.38,89.97,999.0,91.2,87.21,1,33.18,39.94,4.95,https://xueqiu.com/S/SH605155,2026-01-30,2026-01-30
605196.SH,华通线缆,电气设备,45.7,90.05,1.35,98.24,98.05,2,78.15,230.77,3.21,https://xueqiu.com/S/SH605196,2026-01-30,2026-01-29
605287.SH,德才股份,装修装饰,47.56,97.2,0.59,99.13,98.67,6,,66.58,5.16,https://xueqiu.com/S/SH605287,2026-01-30,2026-01-27
605288.SH,凯迪股份,电气设备,129.0,93.66,1.95,97.98,98.39,6,205.66,90.56,4.1,https://xueqiu.com/S/SH605288,2026-01-30,2026-01-27
605289.SH,罗曼股份,建筑工程,80.41,87.69,999.0,96.55,97.08,1,,87.11,10.53,https://xueqiu.com/S/SH605289,2026-01-30,2026-01-30
605376.SH,博迁新材,小金属,93.09,98.64,0.1,97.2,96.68,6,158.15,243.52,4.84,https://xueqiu.com/S/SH605376,2026-01-30,2026-01-27
605598.SH,上海港湾,建筑工程,57.82,93.75,1.3,98.44,94.3,6,225.02,140.51,2.67,https://xueqiu.com/S/SH605598,2026-01-30,2026-01-27
688002.SH,睿创微纳,通信设备,112.92,93.35,-0.68,92.13,91.6,6,65.59,519.7,2.47,https://xueqiu.com/S/SH688002,2026-01-30,2026-01-27
688003.SH,天准科技,专用机械,84.62,97.12,999.0,91.98,89.73,1,133.48,164.43,2.55,https://xueqiu.com/S/SH688003,2026-01-30,2026-01-30
688008.SH,澜起科技,半导体,181.85,95.17,4.29,96.66,95.33,5,100.91,2084.78,7.98,https://xueqiu.com/S/SH688008,2026-01-30,2026-01-27
688019.SH,安集科技,半导体,269.77,90.88,-0.15,93.61,93.14,6,60.68,454.73,2.39,https://xueqiu.com/S/SH688019,2026-01-30,2026-01-27
688020.SH,方邦股份,元器件,88.64,93.27,1.84,89.88,94.47,6,,73.02,2.6,https://xueqiu.com/S/SH688020,2026-01-30,2026-01-27
688027.SH,国盾量子,通信设备,624.2,89.14,-0.49,97.62,92.52,3,,501.7,3.52,https://xueqiu.com/S/SH688027,2026-01-30,2026-01-28
688028.SH,沃尔德,机械基件,91.8,93.57,0.52,99.61,99.33,5,147.3,138.57,5.0,https://xueqiu.com/S/SH688028,2026-01-30,2026-01-27
688031.SH,星环科技-U,软件服务,209.94,99.87,0.09,99.8,99.48,6,,197.29,6.75,https://xueqiu.com/S/SH688031,2026-01-30,2026-01-27
688037.SH,芯源微,半导体,207.1,96.46,-0.59,93.71,94.58,6,490.54,417.57,2.46,https://xueqiu.com/S/SH688037,2026-01-30,2026-01-27
688048.SH,长光华芯,半导体,130.2,95.12,1.55,92.02,96.72,6,,229.52,9.36,https://xueqiu.com/S/SH688048,2026-01-30,2026-01-27
688102.SH,斯瑞新材,铜,40.43,98.82,-0.02,98.83,99.1,6,218.06,296.65,3.12,https://xueqiu.com/S/SH688102,2026-01-30,2026-01-27
688108.SH,赛诺医疗,医疗保健,24.33,88.24,0.55,90.83,94.39,5,303.26,101.69,3.73,https://xueqiu.com/S/SH688108,2026-01-30,2026-01-27
688123.SH,聚辰股份,半导体,186.23,90.75,999.0,98.33,95.35,1,73.92,294.75,8.58,https://xueqiu.com/S/SH688123,2026-01-30,2026-01-30
688125.SH,安达智能,专用机械,171.01,99.59,-0.02,99.78,98.76,6,,139.7,0.78,https://xueqiu.com/S/SH688125,2026-01-30,2026-01-27
688135.SH,利扬芯片,半导体,38.38,91.76,999.0,93.09,92.28,1,,78.09,16.98,https://xueqiu.com/S/SH688135,2026-01-30,2026-01-30
688155.SH,先惠技术,电气设备,93.0,94.47,4.22,92.26,93.46,6,48.94,117.59,5.19,https://xueqiu.com/S/SH688155,2026-01-30,2026-01-27
688167.SH,炬光科技,元器件,251.98,98.89,1.27,99.02,98.54,6,,226.43,8.49,https://xueqiu.com/S/SH688167,2026-01-30,2026-01-27
688172.SH,燕东微,半导体,46.66,98.38,0.35,97.86,93.08,3,,363.26,3.34,https://xueqiu.com/S/SH688172,2026-01-30,2026-01-28
688195.SH,腾景科技,元器件,206.0,92.39,-0.07,99.93,99.42,6,342.98,266.46,7.01,https://xueqiu.com/S/SH688195,2026-01-30,2026-01-27
688196.SH,卓越新能,环境保护,78.3,92.44,-1.22,92.57,90.66,5,44.45,93.96,2.65,https://xueqiu.com/S/SH688196,2026-01-30,2026-01-27
688200.SH,华峰测控,半导体,301.27,97.92,1.88,96.44,93.18,6,80.42,408.32,3.45,https://xueqiu.com/S/SH688200,2026-01-30,2026-01-27
688205.SH,德科立,通信设备,166.0,97.22,0.81,98.2,92.33,6,408.81,262.75,12.11,https://xueqiu.com/S/SH688205,2026-01-30,2026-01-27
688227.SH,品高股份,软件服务,69.82,97.55,-0.22,96.79,94.64,6,,78.94,1.87,https://xueqiu.com/S/SH688227,2026-01-30,2026-01-27
688228.SH,开普云,软件服务,244.8,96.42,-0.67,99.76,99.74,6,500.33,165.36,2.64,https://xueqiu.com/S/SH688228,2026-01-30,2026-01-27
688233.SH,神工股份,半导体,98.32,92.22,-0.59,99.11,98.88,4,197.38,167.44,5.39,https://xueqiu.com/S/SH688233,2026-01-30,2026-01-27
688257.SH,新锐股份,机械基件,54.17,99.02,0.02,99.35,99.18,6,64.71,136.73,3.07,https://xueqiu.com/S/SH688257,2026-01-30,2026-01-27
688258.SH,卓易信息,软件服务,152.33,99.54,-0.02,96.75,99.12,6,321.75,184.54,7.29,https://xueqiu.com/S/SH688258,2026-01-30,2026-01-27
688261.SH,东微半导,半导体,102.82,95.63,2.3,94.45,94.19,6,216.75,125.54,5.67,https://xueqiu.com/S/SH688261,2026-01-30,2026-01-27
688270.SH,臻镭科技,半导体,208.99,99.96,0.05,99.74,99.85,6,414.11,447.35,10.3,https://xueqiu.com/S/SH688270,2026-01-30,2026-01-27
688283.SH,坤恒顺维,电器仪表,53.85,97.18,-0.24,94.65,90.59,4,140.65,65.59,1.74,https://xueqiu.com/S/SH688283,2026-01-30,2026-01-27
688308.SH,欧科亿,机械基件,53.25,98.49,2.62,98.68,96.85,6,454.68,84.55,6.03,https://xueqiu.com/S/SH688308,2026-01-30,2026-01-27
688323.SH,瑞华泰,塑料,26.38,98.27,-0.09,88.34,92.14,6,,47.48,6.91,https://xueqiu.com/S/SH688323,2026-01-30,2026-01-27
688325.SH,赛微微电,半导体,111.54,88.13,999.0,95.23,92.05,1,118.94,89.23,2.24,https://xueqiu.com/S/SH688325,2026-01-30,2026-01-30
688333.SH,铂力特,机械基件,111.43,95.85,0.51,90.03,94.75,6,143.06,305.68,3.87,https://xueqiu.com/S/SH688333,2026-01-30,2026-01-27
688335.SH,复洁科技,环境保护,35.45,97.73,0.38,98.22,98.91,6,,52.48,2.63,https://xueqiu.com/S/SH688335,2026-01-30,2026-01-27
688347.SH,华虹公司,半导体,155.1,90.67,0.84,97.96,97.6,4,4998.54,632.42,4.59,https://xueqiu.com/S/SH688347,2026-01-30,2026-01-27
688361.SH,中科飞测,半导体,185.05,94.49,999.0,96.42,87.91,1,2525.06,459.46,2.57,https://xueqiu.com/S/SH688361,2026-01-30,2026-01-30
688365.SH,光云科技,软件服务,29.4,97.66,999.0,90.38,92.88,1,,125.19,11.09,https://xueqiu.com/S/SH688365,2026-01-30,2026-01-30
688367.SH,工大高科,运输设备,40.22,97.35,2.73,95.56,94.81,6,286.47,35.24,6.8,https://xueqiu.com/S/SH688367,2026-01-30,2026-01-27
688372.SH,伟测科技,半导体,131.07,94.27,-0.15,96.83,95.93,6,72.72,195.36,6.77,https://xueqiu.com/S/SH688372,2026-01-30,2026-01-27
688375.SH,国博电子,元器件,126.62,98.34,-0.24,95.34,95.61,6,177.42,754.67,1.28,https://xueqiu.com/S/SH688375,2026-01-30,2026-01-27
688385.SH,复旦微电,半导体,80.09,91.63,999.0,87.54,91.11,1,138.7,431.99,2.74,https://xueqiu.com/S/SH688385,2026-01-30,2026-01-30
688386.SH,泛亚微透,化工原料,94.0,90.8,-0.1,87.08,98.33,6,69.4,85.54,1.9,https://xueqiu.com/S/SH688386,2026-01-30,2026-01-27
688387.SH,信科移动-U,通信设备,18.46,99.76,0.07,99.29,97.53,6,,372.3,6.74,https://xueqiu.com/S/SH688387,2026-01-30,2026-01-27
688390.SH,固德威,电气设备,84.38,93.7,-0.83,95.02,90.01,6,1923.95,205.04,6.49,https://xueqiu.com/S/SH688390,2026-01-30,2026-01-27
688392.SH,骄成超声,专用机械,135.31,90.32,-1.19,89.49,97.88,3,98.21,156.6,2.89,https://xueqiu.com/S/SH688392,2026-01-30,2026-01-28
688403.SH,汇成股份,半导体,20.03,93.05,2.19,93.02,92.54,6,95.02,174.05,4.57,https://xueqiu.com/S/SH688403,2026-01-30,2026-01-27
688409.SH,富创精密,半导体,105.57,96.15,999.0,91.61,87.33,1,641.38,323.27,2.16,https://xueqiu.com/S/SH688409,2026-01-30,2026-01-30
688416.SH,恒烁股份,半导体,112.32,98.76,1.1,98.89,97.56,4,,73.36,14.04,https://xueqiu.com/S/SH688416,2026-01-30,2026-01-27
688433.SH,华曙高科,专用机械,84.3,91.47,0.72,98.07,97.69,6,919.62,170.37,2.4,https://xueqiu.com/S/SH688433,2026-01-30,2026-01-27
688448.SH,磁谷科技,专用机械,65.16,92.77,999.0,89.45,91.88,1,116.56,31.26,8.94,https://xueqiu.com/S/SH688448,2026-01-30,2026-01-30
688455.SH,科捷智能,机械基件,24.06,93.47,1.6,88.75,89.0,5,,28.16,2.19,https://xueqiu.com/S/SH688455,2026-01-30,2026-01-27
688480.SH,赛恩斯,环境保护,77.19,94.56,-0.04,94.36,95.95,6,65.97,73.58,4.66,https://xueqiu.com/S/SH688480,2026-01-30,2026-01-27
688485.SH,九州一轨,运输设备,27.5,98.16,1.18,97.31,96.34,6,231.14,24.41,11.38,https://xueqiu.com/S/SH688485,2026-01-30,2026-01-27
688498.SH,源杰科技,半导体,823.0,93.38,-0.69,99.65,99.76,5,705.17,691.32,4.02,https://xueqiu.com/S/SH688498,2026-01-30,2026-01-27
688516.SH,奥特维,专用机械,95.0,99.37,0.0,98.79,93.49,6,60.24,299.02,4.87,https://xueqiu.com/S/SH688516,2026-01-30,2026-01-27
688521.SH,芯原股份,半导体,222.01,93.92,2.65,96.9,99.19,6,,1167.46,4.47,https://xueqiu.com/S/SH688521,2026-01-30,2026-01-27
688523.SH,航天环宇,航空,60.05,99.32,0.04,98.12,97.39,6,239.89,57.96,9.77,https://xueqiu.com/S/SH688523,2026-01-30,2026-01-27
688525.SH,佰维存储,半导体,187.28,96.29,0.53,99.09,97.11,6,,874.84,7.6,https://xueqiu.com/S/SH688525,2026-01-30,2026-01-27
688548.SH,广钢气体,化工原料,20.13,96.83,999.0,95.51,87.31,1,92.82,139.14,3.38,https://xueqiu.com/S/SH688548,2026-01-30,2026-01-30
688568.SH,中科星图,软件服务,70.7,98.18,-0.27,92.28,89.52,6,162.08,571.31,3.37,https://xueqiu.com/S/SH688568,2026-01-30,2026-01-27
688607.SH,康众医疗,医疗保健,63.58,99.08,-0.07,95.32,99.23,6,1034.88,56.03,4.27,https://xueqiu.com/S/SH688607,2026-01-30,2026-01-27
688610.SH,埃科光电,电器仪表,87.96,90.62,-1.46,93.84,94.41,6,106.31,36.0,5.82,https://xueqiu.com/S/SH688610,2026-01-30,2026-01-27
688611.SH,杭州柯林,电气设备,59.86,90.01,999.0,87.24,94.06,1,222.83,91.82,1.24,https://xueqiu.com/S/SH688611,2026-01-30,2026-01-30
688625.SH,呈和科技,化工原料,61.86,96.92,0.57,94.95,92.29,6,41.59,116.5,2.85,https://xueqiu.com/S/SH688625,2026-01-30,2026-01-27
688627.SH,精智达,专用机械,285.93,93.9,1.4,99.24,98.29,6,382.65,206.88,6.96,https://xueqiu.com/S/SH688627,2026-01-30,2026-01-27
688661.SH,和林微纳,元器件,88.1,98.93,0.18,95.99,94.53,6,346.06,133.81,5.68,https://xueqiu.com/S/SH688661,2026-01-30,2026-01-27
688663.SH,新风光,电气设备,56.27,90.69,2.96,93.93,94.15,6,57.63,79.61,5.28,https://xueqiu.com/S/SH688663,2026-01-30,2026-01-27
688668.SH,鼎通科技,通信设备,166.28,98.69,0.0,93.5,97.38,6,111.03,231.58,4.99,https://xueqiu.com/S/SH688668,2026-01-30,2026-01-27
688679.SH,通源环境,环境保护,53.59,98.95,-0.11,99.52,99.61,6,,70.57,3.4,https://xueqiu.com/S/SH688679,2026-01-30,2026-01-27
688699.SH,明微电子,半导体,68.19,95.96,999.0,93.35,87.29,1,,75.05,7.93,https://xueqiu.com/S/SH688699,2026-01-30,2026-01-30
688717.SH,艾罗能源,电气设备,99.2,95.71,-0.88,91.96,89.13,4,82.04,98.26,6.86,https://xueqiu.com/S/SH688717,2026-01-30,2026-01-27
688766.SH,普冉股份,半导体,306.0,99.04,0.57,99.94,98.44,6,357.52,453.03,7.31,https://xueqiu.com/S/SH688766,2026-01-30,2026-01-27
920021.BJ,流金科技,影视音像,13.1,98.78,0.29,91.74,90.51,2,,30.5,32.28,https://xueqiu.com/S/BJ920021,2026-01-30,2026-01-29
920116.BJ,星图测控,软件服务,109.8,96.9,-0.74,89.01,97.13,6,179.62,168.52,3.47,https://xueqiu.com/S/BJ920116,2026-01-30,2026-01-27
920438.BJ,戈碧迦,元器件,49.72,90.47,999.0,97.46,96.81,1,215.93,69.31,7.73,https://xueqiu.com/S/BJ920438,2026-01-30,2026-01-30
920576.BJ,天力复合,小金属,95.2,99.89,0.02,99.03,98.89,6,267.11,101.99,4.87,https://xueqiu.com/S/BJ920576,2026-01-30,2026-01-27
