ts_code,name,price_now,RPS_50,rps_50_chg,RPS_120,RPS_250,xueqiu_url,更新日期
159137.SZ,华宝中证港股通医疗主题ETF,1.0,99.76,-0.0,91.99,,https://xueqiu.com/S/SZ159137,2026-10-08
159167.SZ,工银瑞信中证港股通医疗主题ETF,0.99,99.61,-0.0,91.46,,https://xueqiu.com/S/SZ159167,2026-10-08
159253.SZ,博时中证银行ETF,1.02,94.92,0.0,93.71,,https://xueqiu.com/S/SZ159253,2026-10-08
159296.SZ,华宝中证A500红利低波动ETF,1.03,89.06,0.0,80.2,76.19,https://xueqiu.com/S/SZ159296,2026-10-08
159366.SZ,永赢中证港股通医疗主题ETF,1.5,99.85,0.0,92.72,33.47,https://xueqiu.com/S/SZ159366,2026-10-08
159391.SZ,博时国证大盘价值ETF,1.12,89.31,-0.0,86.38,77.24,https://xueqiu.com/S/SZ159391,2026-10-08
159501.SZ,嘉实纳斯达克100ETF(QDII),2.2,97.66,-0.0,99.58,97.5,https://xueqiu.com/S/SZ159501,2026-10-08
159509.SZ,景顺长城纳斯达克科技市值加权ETF(QDII),3.26,99.95,0.0,99.9,99.65,https://xueqiu.com/S/SZ159509,2026-10-08
159513.SZ,大成纳斯达克100ETF(QDII),1.9,96.39,-0.0,98.9,96.27,https://xueqiu.com/S/SZ159513,2026-10-08
159515.SZ,鹏扬中证国有企业红利ETF,1.21,91.26,-0.0,86.17,81.55,https://xueqiu.com/S/SZ159515,2026-10-08
159525.SZ,富国中证红利低波动ETF,1.13,90.23,0.0,84.49,75.03,https://xueqiu.com/S/SZ159525,2026-10-08
159552.SZ,招商中证2000增强策略ETF,2.2,99.02,0.0,83.71,86.09,https://xueqiu.com/S/SZ159552,2026-10-08
159555.SZ,银华中证2000增强策略ETF,1.76,99.66,-0.0,84.28,87.43,https://xueqiu.com/S/SZ159555,2026-10-08
159577.SZ,汇添富MSCI美国50ETF(QDII),1.74,97.56,-0.0,98.8,94.59,https://xueqiu.com/S/SZ159577,2026-10-08
159622.SZ,东财中证沪港深创新药产业ETF,1.19,93.21,0.0,91.72,39.81,https://xueqiu.com/S/SZ159622,2026-10-08
159632.SZ,华安纳斯达克100ETF(QDII),2.59,97.02,0.0,99.27,96.51,https://xueqiu.com/S/SZ159632,2026-10-08
159659.SZ,招商纳斯达克100ETF(QDII),2.48,97.51,-0.0,99.32,97.03,https://xueqiu.com/S/SZ159659,2026-10-08
159660.SZ,汇添富纳斯达克100ETF(QDII),2.5,97.36,0.0,99.0,96.74,https://xueqiu.com/S/SZ159660,2026-10-08
159687.SZ,南方基金南方东英富时亚太精选ETF(QDII),1.84,88.48,-0.0,95.08,93.36,https://xueqiu.com/S/SZ159687,2026-10-08
159696.SZ,易方达纳斯达克100ETF(QDII),2.16,97.41,0.0,99.42,97.15,https://xueqiu.com/S/SZ159696,2026-10-08
159707.SZ,华宝中证800地产ETF,0.55,99.41,0.0,85.28,20.61,https://xueqiu.com/S/SZ159707,2026-10-08
159748.SZ,富国中证沪港深创新药产业ETF,0.84,92.68,-0.0,92.88,42.26,https://xueqiu.com/S/SZ159748,2026-10-08
159768.SZ,银华中证内地地产主题ETF,0.49,99.37,-0.0,83.24,19.79,https://xueqiu.com/S/SZ159768,2026-10-08
159828.SZ,国泰中证医疗ETF,0.42,89.84,0.0,80.67,29.98,https://xueqiu.com/S/SZ159828,2026-10-08
159847.SZ,易方达中证医疗ETF,0.41,91.5,0.0,85.65,33.18,https://xueqiu.com/S/SZ159847,2026-10-08
159887.SZ,富国中证800银行ETF,1.41,95.21,0.0,94.34,84.69,https://xueqiu.com/S/SZ159887,2026-10-08
159941.SZ,广发纳斯达克100ETF(QDII),1.75,97.61,-0.0,99.48,97.09,https://xueqiu.com/S/SZ159941,2026-10-08
159981.SZ,建信易盛郑商所能源化工期货ETF,1.94,100.0,0.0,97.01,99.07,https://xueqiu.com/S/SZ159981,2026-10-08
159985.SZ,华夏饲料豆粕期货ETF,2.27,87.16,-0.0,94.13,89.52,https://xueqiu.com/S/SZ159985,2026-10-08
160610.SZ,鹏华动力增长混合(LOF),1.24,87.65,-0.0,94.71,92.2,https://xueqiu.com/S/SZ160610,2026-10-08
160628.SZ,鹏华中证800地产指数(LOF)-A,0.54,99.32,-0.0,84.97,21.48,https://xueqiu.com/S/SZ160628,2026-10-08
160631.SZ,鹏华中证银行指数(LOF)-A,1.44,94.34,-0.0,91.88,81.02,https://xueqiu.com/S/SZ160631,2026-10-08
160644.SZ,鹏华香港美国互联网股票(QDII-LOF)-CNY,1.95,99.22,-0.0,97.96,95.23,https://xueqiu.com/S/SZ160644,2026-10-08
160916.SZ,大成优选混合(LOF)-A,4.54,87.5,0.0,88.42,76.54,https://xueqiu.com/S/SZ160916,2026-10-08
161029.SZ,富国中证银行指数-A,1.87,94.68,-0.0,93.56,81.37,https://xueqiu.com/S/SZ161029,2026-10-08
161032.SZ,富国中证煤炭指数(LOF)-A,2.32,91.46,-0.0,90.62,94.12,https://xueqiu.com/S/SZ161032,2026-10-08
161038.SZ,富国新兴成长量化精选混合(LOF)-A,1.61,88.13,0.0,83.13,89.0,https://xueqiu.com/S/SZ161038,2026-10-08
161121.SZ,易方达中证银行ETF联接(LOF)-A,1.71,94.48,0.0,92.93,81.61,https://xueqiu.com/S/SZ161121,2026-10-08
161122.SZ,易方达中证万得生物科技指数(LOF)-A,0.59,95.12,-0.0,90.36,38.01,https://xueqiu.com/S/SZ161122,2026-10-08
161130.SZ,易方达纳斯达克100ETF联接(QDII-LOF)-A-CNY,4.81,93.75,0.0,98.59,94.82,https://xueqiu.com/S/SZ161130,2026-10-08
161724.SZ,招商中证煤炭等权指数-A,2.45,96.92,0.0,95.13,95.46,https://xueqiu.com/S/SZ161724,2026-10-08
163208.SZ,诺安油气能源股票(QDII-LOF-FOF),1.43,96.09,0.0,89.84,98.02,https://xueqiu.com/S/SZ163208,2026-10-08
168204.SZ,国联中证煤炭指数-A,2.14,90.97,-0.0,89.52,94.06,https://xueqiu.com/S/SZ168204,2026-10-08
180502.SZ,招商基金招商蛇口租赁住房REIT,3.6,95.07,-0.0,80.36,44.99,https://xueqiu.com/S/SZ180502,2026-10-08
501025.SH,鹏华港股通中证香港银行投资指数(LOF)-A,1.88,92.87,0.0,94.81,92.08,https://xueqiu.com/S/SH501025,2026-10-08
501059.SH,西部利得中证国有企业红利指数增强(LOF)-A,2.31,91.06,0.0,85.86,85.86,https://xueqiu.com/S/SH501059,2026-10-08
501085.SH,财通科创主题灵活配置混合(LOF)-A,3.01,91.85,-0.0,97.75,97.56,https://xueqiu.com/S/SH501085,2026-10-08
501312.SH,华宝海外科技股票(QDII-LOF)-A,2.48,98.44,-0.0,98.85,96.04,https://xueqiu.com/S/SH501312,2026-10-08
502056.SH,广发中证医疗ETF联接(LOF)-A,0.68,91.02,-0.0,83.03,32.83,https://xueqiu.com/S/SH502056,2026-10-08
508016.SH,华夏华电清洁能源REIT,4.29,92.63,-0.0,84.18,38.42,https://xueqiu.com/S/SH508016,2026-10-08
510030.SH,华宝上证180价值ETF,1.08,88.43,-0.0,85.49,71.77,https://xueqiu.com/S/SH510030,2026-10-08
510650.SH,华夏上证金融地产ETF,2.94,89.01,0.0,89.47,68.68,https://xueqiu.com/S/SH510650,2026-10-08
510720.SH,国泰上证国有企业红利ETF,1.06,90.33,0.0,90.2,86.73,https://xueqiu.com/S/SH510720,2026-10-08
510760.SH,国泰上证综合ETF,1.31,87.7,-0.0,80.3,79.05,https://xueqiu.com/S/SH510760,2026-10-08
510880.SH,华泰柏瑞上证红利ETF,3.42,91.75,-0.0,89.94,86.03,https://xueqiu.com/S/SH510880,2026-10-08
512530.SH,建信沪深300红利ETF,1.66,90.28,0.0,86.75,82.83,https://xueqiu.com/S/SH512530,2026-10-08
512700.SH,南方中证银行ETF,1.54,91.65,0.0,86.22,44.47,https://xueqiu.com/S/SH512700,2026-10-08
512730.SH,鹏华中证银行ETF,1.76,95.02,-0.0,93.77,83.82,https://xueqiu.com/S/SH512730,2026-10-08
512800.SH,华宝中证银行ETF,0.86,94.53,0.0,93.4,83.64,https://xueqiu.com/S/SH512800,2026-10-08
512820.SH,汇添富中证银行ETF,1.51,94.73,-0.0,93.45,83.88,https://xueqiu.com/S/SH512820,2026-10-08
512890.SH,华泰柏瑞中证红利低波动ETF,1.21,89.99,0.0,84.91,76.48,https://xueqiu.com/S/SH512890,2026-10-08
513100.SH,国泰纳斯达克100ETF(QDII),2.37,98.34,-0.0,99.53,97.61,https://xueqiu.com/S/SH513100,2026-10-08
513110.SH,华泰柏瑞纳斯达克100ETF(QDII),2.61,96.83,-0.0,98.95,96.33,https://xueqiu.com/S/SH513110,2026-10-08
513120.SH,广发中证香港创新药ETF(QDII),1.32,97.9,0.0,86.59,30.03,https://xueqiu.com/S/SH513120,2026-10-08
513190.SH,华夏中证港股通内地金融ETF,1.82,90.77,0.0,88.11,83.53,https://xueqiu.com/S/SH513190,2026-10-08
513290.SH,汇添富纳斯达克生物科技ETF(QDII),1.81,98.88,-0.0,98.27,98.89,https://xueqiu.com/S/SH513290,2026-10-08
513300.SH,华夏纳斯达克100ETF(QDII),2.84,96.63,0.0,99.11,96.45,https://xueqiu.com/S/SH513300,2026-10-08
513390.SH,博时纳斯达克100ETF(QDII),2.56,97.07,0.0,99.16,96.39,https://xueqiu.com/S/SH513390,2026-10-08
513780.SH,景顺长城中证港股通创新药ETF,1.71,98.54,-0.0,88.0,32.42,https://xueqiu.com/S/SH513780,2026-10-08
513800.SH,南方顶峰TOPIXETF(QDII),1.89,90.92,-0.0,92.4,90.69,https://xueqiu.com/S/SH513800,2026-10-08
513850.SH,易方达MSCI美国50ETF(QDII),1.94,97.8,0.0,98.69,94.64,https://xueqiu.com/S/SH513850,2026-10-08
513870.SH,富国纳斯达克100ETF(QDII),2.17,96.44,-0.0,99.06,96.68,https://xueqiu.com/S/SH513870,2026-10-08
515020.SH,华夏中证银行ETF,1.84,95.36,0.0,94.55,85.97,https://xueqiu.com/S/SH515020,2026-10-08
515220.SH,国泰中证煤炭ETF,1.28,91.36,-0.0,90.99,92.72,https://xueqiu.com/S/SH515220,2026-10-08
515290.SH,天弘中证银行ETF,1.55,94.97,0.0,93.61,84.23,https://xueqiu.com/S/SH515290,2026-10-08
515300.SH,嘉实沪深300红利低波动ETF,1.34,89.55,0.0,83.08,66.41,https://xueqiu.com/S/SH515300,2026-10-08
515890.SH,博时中证红利ETF,1.48,88.77,-0.0,83.76,70.2,https://xueqiu.com/S/SH515890,2026-10-08
516210.SH,华安中证银行ETF,1.46,94.78,-0.0,93.5,84.17,https://xueqiu.com/S/SH516210,2026-10-08
516310.SH,易方达中证银行ETF,1.43,94.63,-0.0,94.24,84.81,https://xueqiu.com/S/SH516310,2026-10-08
516500.SH,华夏中证生物科技主题ETF,0.64,88.62,0.0,86.85,29.63,https://xueqiu.com/S/SH516500,2026-10-08
517110.SH,国泰中证沪港深创新药产业ETF,0.79,91.94,0.0,90.47,39.17,https://xueqiu.com/S/SH517110,2026-10-08
517120.SH,华泰柏瑞中证沪港深创新药产业ETF,0.76,92.24,-0.0,92.46,42.43,https://xueqiu.com/S/SH517120,2026-10-08
517900.SH,招商中证银行AH价格优选ETF,1.6,95.41,0.0,93.19,84.75,https://xueqiu.com/S/SH517900,2026-10-08
520510.SH,华夏中证港股通医疗主题ETF,0.97,99.46,0.0,91.15,31.84,https://xueqiu.com/S/SH520510,2026-10-08
520700.SH,万家中证港股通创新药ETF,1.64,98.29,0.0,87.64,31.32,https://xueqiu.com/S/SH520700,2026-10-08
520850.SH,易方达中证港股通医疗主题ETF,0.93,99.71,-0.0,92.04,,https://xueqiu.com/S/SH520850,2026-10-08
520970.SH,嘉实中证港股通创新药ETF,0.92,98.14,0.0,86.96,30.97,https://xueqiu.com/S/SH520970,2026-10-08
530880.SH,银河上证国有企业红利ETF,1.11,90.58,-0.0,90.26,87.54,https://xueqiu.com/S/SH530880,2026-10-08
560260.SH,广发中证医疗ETF,0.86,90.87,-0.0,84.44,31.43,https://xueqiu.com/S/SH560260,2026-10-08
560700.SH,广发中证国新央企股东回报ETF,1.23,93.7,0.0,85.44,82.6,https://xueqiu.com/S/SH560700,2026-10-08
563510.SH,易方达中证A500红利低波动ETF,1.03,89.21,-0.0,83.55,,https://xueqiu.com/S/SH563510,2026-10-08
563690.SH,永赢中证红利低波动ETF,1.05,90.43,-0.0,82.71,,https://xueqiu.com/S/SH563690,2026-10-08
563700.SH,易方达中证红利价值ETF,1.09,92.29,-0.0,83.18,74.97,https://xueqiu.com/S/SH563700,2026-10-08
563890.SH,创金合信中证国有企业红利ETF,1.07,87.84,0.0,81.56,,https://xueqiu.com/S/SH563890,2026-10-08
563930.SH,招商上证综合增强策略ETF,1.04,91.6,0.0,87.59,,https://xueqiu.com/S/SH563930,2026-10-08
