ts_code,name,细分行业,price_now,RPS_50,rps_50_chg,RPS_120,RPS_250,连续天数,pe_ttm,mv_亿,turnover_rate,xueqiu_url,更新日期,初次入选
000011.SZ,深物业A,房产服务,12.12,98.89,999.0,95.86,87.05,1,,63.81,22.12,https://xueqiu.com/S/SZ000011,2026-10-08,2026-10-08
000626.SZ,远大控股,商贸代理,8.78,96.35,999.0,87.88,88.22,1,84.83,44.28,2.04,https://xueqiu.com/S/SZ000626,2026-10-08,2026-10-08
000739.SZ,普洛药业,化学制药,27.26,90.89,-3.21,97.11,93.33,19,37.15,315.67,1.89,https://xueqiu.com/S/SZ000739,2026-10-08,2026-09-04
000782.SZ,恒申新材,化纤,8.08,92.92,999.0,96.28,87.57,1,,42.67,2.3,https://xueqiu.com/S/SZ000782,2026-10-08,2026-10-08
000823.SZ,超声电子,元器件,22.71,98.4,-0.02,97.4,92.38,12,61.11,135.11,12.64,https://xueqiu.com/S/SZ000823,2026-10-08,2026-09-15
000993.SZ,闽东电力,水力发电,17.74,98.68,0.22,96.43,94.59,9,475.0,81.24,14.15,https://xueqiu.com/S/SZ000993,2026-10-08,2026-09-18
001210.SZ,金房能源,供气供热,25.92,96.53,-1.11,98.19,97.64,18,41.97,34.58,3.99,https://xueqiu.com/S/SZ001210,2026-10-08,2026-09-07
001211.SZ,双枪科技,家居用品,27.08,96.64,-1.42,94.29,90.39,4,,25.28,12.95,https://xueqiu.com/S/SZ001211,2026-10-08,2026-09-28
001216.SZ,华瓷股份,家居用品,23.56,98.66,-0.6,92.16,91.8,8,33.81,58.15,7.17,https://xueqiu.com/S/SZ001216,2026-10-08,2026-09-21
001228.SZ,永泰运,仓储物流,37.95,97.1,0.42,90.42,92.98,5,39.06,30.31,4.75,https://xueqiu.com/S/SZ001228,2026-10-08,2026-09-24
001266.SZ,宏英智能,电器仪表,41.62,94.74,999.0,93.26,88.16,1,101.21,24.2,23.82,https://xueqiu.com/S/SZ001266,2026-10-08,2026-10-08
001317.SZ,三羊马,铁路,66.28,95.57,999.0,94.87,87.59,1,841.25,56.67,15.65,https://xueqiu.com/S/SZ001317,2026-10-08,2026-10-08
001326.SZ,联域股份,电气设备,101.37,99.75,0.08,98.85,97.83,16,258.91,24.35,10.51,https://xueqiu.com/S/SZ001326,2026-10-08,2026-09-09
001368.SZ,通达创智,文教休闲,37.16,99.47,0.2,96.72,91.88,6,41.72,40.16,10.06,https://xueqiu.com/S/SZ001368,2026-10-08,2026-09-23
001378.SZ,德冠新材,塑料,22.39,94.43,999.0,92.22,87.33,1,36.5,18.88,8.4,https://xueqiu.com/S/SZ001378,2026-10-08,2026-10-08
002081.SZ,金螳螂,装修装饰,4.76,91.78,999.0,95.92,87.53,1,32.13,126.26,6.22,https://xueqiu.com/S/SZ002081,2026-10-08,2026-10-08
002084.SZ,海鸥住工,家居用品,5.54,98.64,-0.22,96.15,90.02,10,,35.71,6.96,https://xueqiu.com/S/SZ002084,2026-10-08,2026-09-17
002242.SZ,九阳股份,家用电器,13.75,98.42,999.0,95.82,89.98,1,157.32,104.74,1.44,https://xueqiu.com/S/SZ002242,2026-10-08,2026-10-08
002303.SZ,美盈森,造纸,6.38,97.62,-0.66,98.97,91.86,8,45.5,68.1,10.31,https://xueqiu.com/S/SZ002303,2026-10-08,2026-09-21
002412.SZ,汉森制药,中成药,8.98,92.21,-4.49,95.22,89.76,8,19.13,44.71,6.79,https://xueqiu.com/S/SZ002412,2026-10-08,2026-09-21
002443.SZ,金洲管道,钢加工,12.45,97.77,0.24,96.03,94.42,11,39.12,64.81,4.52,https://xueqiu.com/S/SZ002443,2026-10-08,2026-09-16
002528.SZ,*ST英飞,IT设备,6.08,96.19,0.63,93.72,96.99,28,,63.85,1.57,https://xueqiu.com/S/SZ002528,2026-10-08,2026-08-21
002580.SZ,圣阳股份,电气设备,21.36,94.75,999.0,91.61,90.82,1,58.1,96.62,26.89,https://xueqiu.com/S/SZ002580,2026-10-08,2026-10-08
002585.SZ,双星新材,塑料,10.49,93.52,4.4,96.87,94.69,9,,93.0,10.29,https://xueqiu.com/S/SZ002585,2026-10-08,2026-09-18
002631.SZ,德尔未来,家居用品,12.53,99.42,-0.14,98.11,97.68,10,,99.45,5.53,https://xueqiu.com/S/SZ002631,2026-10-08,2026-09-17
002647.SZ,仁东控股,多元金融,11.57,95.15,4.51,91.48,94.18,5,204.08,117.47,4.05,https://xueqiu.com/S/SZ002647,2026-10-08,2026-09-24
002768.SZ,国恩股份,塑料,68.0,93.1,-3.63,99.23,95.69,9,25.81,171.54,4.04,https://xueqiu.com/S/SZ002768,2026-10-08,2026-09-18
002789.SZ,*ST建艺,装修装饰,14.25,98.86,-0.02,89.43,91.95,4,,22.3,1.83,https://xueqiu.com/S/SZ002789,2026-10-08,2026-09-28
002811.SZ,郑中设计,装修装饰,16.73,99.2,0.16,92.29,89.96,3,30.77,47.36,4.65,https://xueqiu.com/S/SZ002811,2026-10-08,2026-09-29
002815.SZ,崇达技术,元器件,22.51,99.29,0.2,96.81,87.86,3,109.1,174.93,7.78,https://xueqiu.com/S/SZ002815,2026-10-08,2026-09-29
002827.SZ,高争民爆,化工原料,55.85,99.82,-0.07,98.04,88.76,19,95.95,154.15,6.26,https://xueqiu.com/S/SZ002827,2026-10-08,2026-09-04
002856.SZ,*ST美芝,装修装饰,19.45,97.93,-0.64,98.08,95.5,14,,24.1,5.75,https://xueqiu.com/S/SZ002856,2026-10-08,2026-09-11
002913.SZ,奥士康,元器件,90.77,99.58,-0.08,98.57,97.1,15,147.94,277.25,4.3,https://xueqiu.com/S/SZ002913,2026-10-08,2026-09-10
002963.SZ,豪尔赛,装修装饰,20.11,97.71,-0.62,94.8,91.92,8,,30.03,5.08,https://xueqiu.com/S/SZ002963,2026-10-08,2026-09-21
003030.SZ,祖名股份,食品,25.47,87.35,999.0,92.73,88.37,1,316.77,20.78,6.51,https://xueqiu.com/S/SZ003030,2026-10-08,2026-10-08
300097.SZ,智云股份,专用机械,9.47,90.29,-2.6,88.97,93.14,7,,24.98,3.71,https://xueqiu.com/S/SZ300097,2026-10-08,2026-09-22
300151.SZ,昌红科技,专用机械,19.01,91.56,0.32,90.07,89.39,5,187.83,70.07,3.94,https://xueqiu.com/S/SZ300151,2026-10-08,2026-09-24
300154.SZ,瑞凌股份,机械基件,13.56,99.38,0.2,98.02,91.4,16,64.28,42.76,3.02,https://xueqiu.com/S/SZ300154,2026-10-08,2026-09-09
300163.SZ,先锋新材,家居用品,7.2,96.61,-0.4,97.07,96.19,9,,33.0,5.1,https://xueqiu.com/S/SZ300163,2026-10-08,2026-09-18
300192.SZ,科德教育,文教休闲,24.23,99.76,0.05,98.44,94.16,6,125.32,110.35,9.02,https://xueqiu.com/S/SZ300192,2026-10-08,2026-09-23
300225.SZ,金力泰,染料涂料,8.05,89.47,999.0,97.34,91.04,1,215.3,38.01,3.44,https://xueqiu.com/S/SZ300225,2026-10-08,2026-10-08
300234.SZ,开尔新材,陶瓷,10.2,97.19,1.33,97.91,95.34,3,,35.09,5.03,https://xueqiu.com/S/SZ300234,2026-10-08,2026-09-29
300243.SZ,瑞丰高材,化工原料,20.34,97.82,0.63,95.9,94.76,11,74.7,45.49,13.19,https://xueqiu.com/S/SZ300243,2026-10-08,2026-09-16
300313.SZ,天山生物,农业综合,12.21,98.26,0.22,96.45,89.93,22,,24.1,8.73,https://xueqiu.com/S/SZ300313,2026-10-08,2026-09-01
300464.SZ,星徽股份,机械基件,9.53,98.75,-0.05,87.86,93.85,11,213.76,33.85,6.68,https://xueqiu.com/S/SZ300464,2026-10-08,2026-09-16
300489.SZ,光智科技,专用机械,263.0,96.28,-0.0,99.98,99.94,4,,362.47,11.72,https://xueqiu.com/S/SZ300489,2026-10-08,2026-09-28
300570.SZ,太辰光,通信设备,199.0,93.58,-0.78,97.09,93.9,5,149.7,382.46,7.55,https://xueqiu.com/S/SZ300570,2026-10-08,2026-09-24
300599.SZ,雄塑科技,塑料,15.58,99.06,1.04,96.76,96.38,5,,49.39,10.2,https://xueqiu.com/S/SZ300599,2026-10-08,2026-09-24
300684.SZ,中石科技,元器件,90.1,99.11,-0.47,98.24,96.47,33,76.0,184.32,17.08,https://xueqiu.com/S/SZ300684,2026-10-08,2026-08-14
300736.SZ,百邦科技,通信设备,34.89,90.87,0.88,98.1,98.12,6,,43.57,6.44,https://xueqiu.com/S/SZ300736,2026-10-08,2026-09-23
300835.SZ,龙磁科技,矿物制品,178.18,90.65,-0.28,99.12,98.72,5,136.99,148.91,3.65,https://xueqiu.com/S/SZ300835,2026-10-08,2026-09-24
300852.SZ,四会富仕,元器件,69.18,98.93,0.24,97.99,91.15,9,78.99,107.2,6.24,https://xueqiu.com/S/SZ300852,2026-10-08,2026-09-18
300862.SZ,蓝盾光电,电器仪表,41.0,99.91,-0.07,98.75,93.5,27,,62.1,12.56,https://xueqiu.com/S/SZ300862,2026-10-08,2026-08-24
300903.SZ,科翔股份,元器件,95.6,96.42,3.1,99.82,99.98,13,,335.92,7.77,https://xueqiu.com/S/SZ300903,2026-10-08,2026-09-14
300907.SZ,康平科技,电气设备,53.48,93.39,999.0,98.83,87.01,1,136.8,51.34,4.91,https://xueqiu.com/S/SZ300907,2026-10-08,2026-10-08
300909.SZ,汇创达,元器件,58.88,95.1,0.45,96.65,93.79,8,1098.07,76.04,11.89,https://xueqiu.com/S/SZ300909,2026-10-08,2026-09-21
300929.SZ,华骐环保,环境保护,16.2,92.6,2.92,92.31,91.14,2,,20.31,1.59,https://xueqiu.com/S/SZ300929,2026-10-08,2026-09-30
300931.SZ,通用电梯,运输设备,18.48,98.57,0.47,95.42,94.2,4,,36.11,8.48,https://xueqiu.com/S/SZ300931,2026-10-08,2026-09-28
300939.SZ,秋田微,元器件,98.34,99.71,0.02,99.73,98.75,14,187.5,118.01,3.54,https://xueqiu.com/S/SZ300939,2026-10-08,2026-09-11
300951.SZ,博硕科技,元器件,79.11,98.87,-0.48,99.36,96.1,46,913.36,119.76,3.09,https://xueqiu.com/S/SZ300951,2026-10-08,2026-07-24
300964.SZ,本川智能,元器件,67.54,91.69,-0.85,93.3,96.13,6,136.2,58.35,5.83,https://xueqiu.com/S/SZ300964,2026-10-08,2026-09-23
300981.SZ,中红医疗,医疗保健,19.47,99.4,0.0,95.79,90.08,2,206.09,76.52,7.61,https://xueqiu.com/S/SZ300981,2026-10-08,2026-09-30
301047.SZ,义翘神州,生物制药,147.77,99.56,-0.22,99.19,95.86,10,108.77,176.7,9.74,https://xueqiu.com/S/SZ301047,2026-10-08,2026-09-17
301080.SZ,百普赛斯,生物制药,123.46,99.78,-0.18,99.8,96.77,11,114.93,156.59,15.98,https://xueqiu.com/S/SZ301080,2026-10-08,2026-09-16
301081.SZ,严牌股份,环境保护,19.21,99.17,1.04,92.66,95.15,3,8926.61,43.25,5.82,https://xueqiu.com/S/SZ301081,2026-10-08,2026-09-29
301086.SZ,鸿富瀚,元器件,151.01,89.49,-0.75,96.06,99.03,6,125.18,105.35,4.77,https://xueqiu.com/S/SZ301086,2026-10-08,2026-09-23
301108.SZ,洁雅股份,日用化工,53.8,99.26,0.04,98.96,94.03,8,70.13,34.88,5.21,https://xueqiu.com/S/SZ301108,2026-10-08,2026-09-21
301115.SZ,联检科技,建筑工程,34.85,97.73,2.57,97.78,97.12,8,,52.0,3.95,https://xueqiu.com/S/SZ301115,2026-10-08,2026-09-21
301122.SZ,采纳股份,医疗保健,66.0,99.95,0.04,99.52,98.05,29,1313.96,49.92,7.67,https://xueqiu.com/S/SZ301122,2026-10-08,2026-08-20
301132.SZ,满坤科技,元器件,64.64,99.73,-0.03,97.36,93.89,13,95.52,61.24,10.05,https://xueqiu.com/S/SZ301132,2026-10-08,2026-09-14
301176.SZ,逸豪新材,元器件,51.29,89.58,999.0,98.63,94.57,1,,84.14,4.38,https://xueqiu.com/S/SZ301176,2026-10-08,2026-10-08
301183.SZ,东田微,元器件,255.33,94.63,-2.45,93.46,98.16,13,149.39,149.88,7.05,https://xueqiu.com/S/SZ301183,2026-10-08,2026-09-14
301189.SZ,奥尼电子,IT设备,65.09,96.86,-0.4,98.55,98.79,10,,102.8,3.1,https://xueqiu.com/S/SZ301189,2026-10-08,2026-09-17
301190.SZ,善水科技,染料涂料,39.52,99.55,999.0,98.35,88.33,1,77.63,71.87,19.25,https://xueqiu.com/S/SZ301190,2026-10-08,2026-10-08
301197.SZ,工大科雅,软件服务,27.27,95.23,2.41,87.91,87.29,7,158.48,29.66,3.27,https://xueqiu.com/S/SZ301197,2026-10-08,2026-09-22
301218.SZ,华是科技,软件服务,68.0,98.2,-0.28,98.72,99.28,6,,48.76,30.37,https://xueqiu.com/S/SZ301218,2026-10-08,2026-09-23
301234.SZ,五洲医疗,医疗保健,147.98,99.98,999.0,99.96,99.31,1,423.85,59.66,6.37,https://xueqiu.com/S/SZ301234,2026-10-08,2026-10-08
301251.SZ,威尔高,元器件,78.75,99.84,-0.0,97.95,95.0,15,223.64,136.89,5.53,https://xueqiu.com/S/SZ301251,2026-10-08,2026-09-10
301281.SZ,科源制药,化学制药,45.72,90.31,-0.02,94.18,87.4,2,128.39,49.51,2.51,https://xueqiu.com/S/SZ301281,2026-10-08,2026-09-30
301282.SZ,金禄电子,元器件,40.6,99.27,-0.15,96.17,95.74,23,91.42,71.69,6.35,https://xueqiu.com/S/SZ301282,2026-10-08,2026-08-31
301366.SZ,一博科技,元器件,67.51,98.98,0.05,99.3,93.35,12,158.63,78.98,9.37,https://xueqiu.com/S/SZ301366,2026-10-08,2026-09-15
301373.SZ,凌玮科技,化工原料,114.6,89.87,-0.53,95.35,99.5,6,88.86,79.83,8.26,https://xueqiu.com/S/SZ301373,2026-10-08,2026-09-23
301419.SZ,阿莱德,通信设备,40.67,96.24,0.7,90.27,88.25,9,103.02,45.59,4.47,https://xueqiu.com/S/SZ301419,2026-10-08,2026-09-18
301486.SZ,致尚科技,元器件,209.86,94.68,999.0,91.81,96.9,1,,153.03,16.05,https://xueqiu.com/S/SZ301486,2026-10-08,2026-10-08
301520.SZ,万邦医药,生物制药,67.81,88.49,-8.55,99.51,97.25,3,647.26,23.69,30.54,https://xueqiu.com/S/SZ301520,2026-10-08,2026-09-29
301528.SZ,多浦乐,电器仪表,66.2,95.43,-0.63,97.51,92.06,6,86.41,30.62,3.53,https://xueqiu.com/S/SZ301528,2026-10-08,2026-09-23
301529.SZ,福赛科技,汽车配件,133.06,98.37,-0.14,97.69,96.86,8,111.17,84.58,4.86,https://xueqiu.com/S/SZ301529,2026-10-08,2026-09-21
301630.SZ,同宇新材,化工原料,206.85,88.35,999.0,91.74,91.54,1,64.35,33.87,14.88,https://xueqiu.com/S/SZ301630,2026-10-08,2026-10-08
600121.SH,郑州煤电,煤炭开采,5.65,95.59,999.0,94.07,88.65,1,,68.84,16.39,https://xueqiu.com/S/SH600121,2026-10-08,2026-10-08
600127.SH,金健米业,农业综合,13.8,99.89,0.02,98.66,96.28,24,,88.57,40.85,https://xueqiu.com/S/SH600127,2026-10-08,2026-08-28
600162.SH,香江控股,全国地产,4.16,98.15,0.04,99.6,89.87,47,,135.97,1.64,https://xueqiu.com/S/SH600162,2026-10-08,2026-07-23
600186.SH,莲花控股,食品,11.46,92.27,-0.31,96.78,95.58,7,52.5,205.04,8.58,https://xueqiu.com/S/SH600186,2026-10-08,2026-09-22
600228.SH,返利科技,互联网,9.33,97.97,-0.65,97.2,92.9,16,,38.82,5.61,https://xueqiu.com/S/SH600228,2026-10-08,2026-09-09
600330.SH,天通股份,专用机械,24.21,87.17,-7.77,91.14,96.71,13,,298.61,8.13,https://xueqiu.com/S/SH600330,2026-10-08,2026-09-14
600354.SH,敦煌种业,种植业,9.08,98.28,-0.38,95.7,89.54,10,34.86,47.92,13.78,https://xueqiu.com/S/SH600354,2026-10-08,2026-09-17
600371.SH,万向德农,种植业,13.61,99.69,0.05,97.42,91.43,19,,39.82,20.04,https://xueqiu.com/S/SH600371,2026-10-08,2026-09-04
600403.SH,大有能源,煤炭开采,7.41,89.84,-3.58,93.42,96.12,7,,177.16,4.84,https://xueqiu.com/S/SH600403,2026-10-08,2026-09-22
600641.SH,先导基电,半导体,45.32,95.84,-1.38,99.4,98.66,6,1005.7,421.76,8.72,https://xueqiu.com/S/SH600641,2026-10-08,2026-09-23
600753.SH,ST海钦,商贸代理,13.65,94.41,999.0,87.4,95.48,1,64.68,31.44,1.82,https://xueqiu.com/S/SH600753,2026-10-08,2026-10-08
600792.SH,云煤能源,焦炭加工,5.22,97.51,999.0,92.88,87.99,1,,57.94,8.73,https://xueqiu.com/S/SH600792,2026-10-08,2026-10-08
600802.SH,福建水泥,水泥,7.14,99.22,999.0,90.9,87.85,1,,32.72,17.23,https://xueqiu.com/S/SH600802,2026-10-08,2026-10-08
600825.SH,新华传媒,出版业,11.39,99.85,0.23,99.03,93.74,3,278.88,119.01,0.54,https://xueqiu.com/S/SH600825,2026-10-08,2026-09-29
601579.SH,会稽山,红黄酒,39.6,99.96,0.01,99.47,94.93,8,67.95,189.87,12.3,https://xueqiu.com/S/SH601579,2026-10-08,2026-09-21
601700.SH,风范股份,电气设备,6.38,95.3,999.0,91.41,87.44,1,,72.65,5.02,https://xueqiu.com/S/SH601700,2026-10-08,2026-10-08
601811.SH,新华文轩,出版业,19.01,97.59,-1.12,91.45,87.49,3,17.17,150.54,5.13,https://xueqiu.com/S/SH601811,2026-10-08,2026-09-29
601886.SH,江河集团,装修装饰,12.89,97.99,0.28,96.21,95.6,34,20.2,146.04,0.8,https://xueqiu.com/S/SH601886,2026-10-08,2026-08-13
603002.SH,宏昌电子,化工原料,18.69,92.96,999.0,97.88,97.51,1,362.77,211.96,11.91,https://xueqiu.com/S/SH603002,2026-10-08,2026-10-08
603150.SH,万朗磁塑,塑料,64.87,91.25,-0.39,91.12,93.03,7,57.58,55.45,2.86,https://xueqiu.com/S/SH603150,2026-10-08,2026-09-22
603186.SH,华正新材,元器件,224.25,98.09,2.32,99.85,99.89,14,86.39,351.6,16.03,https://xueqiu.com/S/SH603186,2026-10-08,2026-09-11
603221.SH,爱丽家居,家居用品,24.29,99.62,-0.23,99.34,95.45,31,,58.85,3.57,https://xueqiu.com/S/SH603221,2026-10-08,2026-08-18
603228.SH,景旺电子,元器件,97.89,88.91,-5.01,97.8,87.66,19,88.98,961.34,2.71,https://xueqiu.com/S/SH603228,2026-10-08,2026-09-04
603259.SH,药明康德,化学制药,162.0,89.22,-3.13,97.03,91.58,54,22.69,4006.71,1.81,https://xueqiu.com/S/SH603259,2026-10-08,2026-07-13
603268.SH,松发股份,船舶,218.75,94.65,0.67,98.52,99.83,10,39.68,510.23,3.65,https://xueqiu.com/S/SH603268,2026-10-08,2026-09-17
603269.SH,海鸥股份,机械基件,24.3,99.64,0.27,99.69,98.29,25,87.38,104.96,8.88,https://xueqiu.com/S/SH603269,2026-10-08,2026-08-26
603303.SH,得邦照明,家用电器,27.78,97.46,0.63,98.64,96.64,8,66.97,132.5,0.55,https://xueqiu.com/S/SH603303,2026-10-08,2026-09-21
603355.SH,莱克电气,家用电器,32.44,91.58,999.0,89.87,89.95,1,30.82,186.01,1.15,https://xueqiu.com/S/SH603355,2026-10-08,2026-10-08
603373.SH,安邦护卫,仓储物流,52.2,96.59,0.71,98.37,90.34,4,58.42,33.2,7.68,https://xueqiu.com/S/SH603373,2026-10-08,2026-09-28
603580.SH,艾艾精工,塑料,72.67,99.15,-0.32,100.0,99.87,7,235.38,94.96,3.0,https://xueqiu.com/S/SH603580,2026-10-08,2026-09-22
603679.SH,华体科技,电气设备,22.33,95.14,-1.43,97.75,89.3,4,,39.68,3.25,https://xueqiu.com/S/SH603679,2026-10-08,2026-09-28
603819.SH,神力股份,电气设备,15.96,95.7,999.0,89.76,87.38,1,108.84,34.75,2.49,https://xueqiu.com/S/SH603819,2026-10-08,2026-10-08
603838.SH,*ST四通,家居用品,11.77,98.82,-0.09,93.57,91.82,32,,37.67,1.12,https://xueqiu.com/S/SH603838,2026-10-08,2026-08-17
603880.SH,南卫股份,医疗保健,8.29,95.74,-0.11,92.8,87.83,6,,23.96,2.4,https://xueqiu.com/S/SH603880,2026-10-08,2026-09-23
603976.SH,正川股份,医疗保健,29.25,87.73,-1.19,96.34,90.88,3,293.52,50.2,1.67,https://xueqiu.com/S/SH603976,2026-10-08,2026-09-29
603980.SH,吉华集团,染料涂料,9.0,97.28,0.4,95.57,90.8,15,62.8,60.92,9.0,https://xueqiu.com/S/SH603980,2026-10-08,2026-09-10
603991.SH,领先股份,半导体,163.96,91.65,1.55,96.79,98.49,4,160.28,146.8,2.41,https://xueqiu.com/S/SH603991,2026-10-08,2026-09-28
603995.SH,甬金股份,特种钢,25.25,91.71,-0.74,96.04,91.06,4,15.22,91.81,1.26,https://xueqiu.com/S/SH603995,2026-10-08,2026-09-28
605058.SH,澳弘电子,元器件,48.5,99.6,-0.13,95.16,92.94,12,50.23,69.32,12.97,https://xueqiu.com/S/SH605058,2026-10-08,2026-09-15
605100.SH,华丰股份,机械基件,38.4,94.16,5.88,89.18,97.23,2,321.44,91.36,3.81,https://xueqiu.com/S/SH605100,2026-10-08,2026-09-30
605168.SH,三人行,互联网,47.36,92.12,-2.67,93.66,91.97,9,80.14,99.84,2.12,https://xueqiu.com/S/SH605168,2026-10-08,2026-09-18
605198.SH,安德利,软饮料,63.6,90.04,-1.04,97.01,89.09,3,82.59,172.06,1.3,https://xueqiu.com/S/SH605198,2026-10-08,2026-09-29
605303.SH,园林股份,建筑工程,31.53,98.6,1.43,97.93,95.22,3,,50.84,0.2,https://xueqiu.com/S/SH605303,2026-10-08,2026-09-29
688026.SH,洁特生物,医疗保健,29.25,99.87,0.12,98.46,92.49,2,180.75,41.06,12.08,https://xueqiu.com/S/SH688026,2026-10-08,2026-09-30
688046.SH,药康生物,生物制药,35.5,90.91,-6.71,99.29,95.78,53,79.77,145.62,2.84,https://xueqiu.com/S/SH688046,2026-10-08,2026-07-15
688105.SH,诺唯赞,生物制药,26.2,97.53,-0.31,98.33,92.08,7,,135.45,3.54,https://xueqiu.com/S/SH688105,2026-10-08,2026-09-22
688112.SH,鼎阳科技,电器仪表,91.68,99.0,-0.13,98.92,98.01,8,92.9,146.32,4.8,https://xueqiu.com/S/SH688112,2026-10-08,2026-09-21
688115.SH,思林杰,电器仪表,60.26,96.32,-0.27,99.25,88.98,7,395.69,56.25,2.04,https://xueqiu.com/S/SH688115,2026-10-08,2026-09-22
688137.SH,近岸蛋白,生物制药,150.0,100.0,0.0,99.93,99.57,17,,104.88,11.94,https://xueqiu.com/S/SH688137,2026-10-08,2026-09-08
688143.SH,长盈通,通信设备,160.29,97.95,0.05,99.65,99.24,14,2099.25,196.15,7.66,https://xueqiu.com/S/SH688143,2026-10-08,2026-09-11
688175.SH,高凌信息,通信设备,30.94,99.33,999.0,90.99,94.89,1,,52.01,7.53,https://xueqiu.com/S/SH688175,2026-10-08,2026-10-08
688209.SH,英集芯,半导体,29.06,92.83,-2.74,95.02,88.78,14,54.83,126.06,3.41,https://xueqiu.com/S/SH688209,2026-10-08,2026-09-11
688222.SH,成都先导,化学制药,41.92,96.62,-0.84,97.22,93.11,8,120.0,168.17,6.08,https://xueqiu.com/S/SH688222,2026-10-08,2026-09-21
688260.SH,昀冢科技,元器件,96.51,94.46,5.25,99.95,99.05,4,,115.81,4.4,https://xueqiu.com/S/SH688260,2026-10-08,2026-09-28
688296.SH,和达科技,软件服务,24.6,99.51,0.02,98.48,93.63,35,,26.42,4.12,https://xueqiu.com/S/SH688296,2026-10-08,2026-08-12
688448.SH,磁谷科技,专用机械,65.99,95.9,0.51,97.58,95.61,9,963.87,64.35,2.71,https://xueqiu.com/S/SH688448,2026-10-08,2026-09-18
688485.SH,九州一轨,运输设备,104.0,99.8,0.27,99.78,100.0,38,,156.3,4.51,https://xueqiu.com/S/SH688485,2026-10-08,2026-08-07
688512.SH,慧智微,半导体,16.35,94.34,999.0,93.97,87.16,1,,53.51,10.92,https://xueqiu.com/S/SH688512,2026-10-08,2026-10-08
688600.SH,皖仪科技,电器仪表,32.2,96.01,-1.67,93.53,90.49,12,51.02,43.38,3.7,https://xueqiu.com/S/SH688600,2026-10-08,2026-09-15
688628.SH,优利德,电器仪表,80.41,87.02,-2.4,94.65,97.45,6,46.78,90.38,5.62,https://xueqiu.com/S/SH688628,2026-10-08,2026-09-23
688655.SH,迅捷兴,元器件,67.81,99.67,-0.13,99.62,99.13,15,,90.45,8.93,https://xueqiu.com/S/SH688655,2026-10-08,2026-09-10
688662.SH,富信科技,元器件,112.14,94.7,3.7,99.58,99.02,6,312.67,128.63,14.53,https://xueqiu.com/S/SH688662,2026-10-08,2026-09-23
688690.SH,纳微科技,化工原料,44.07,88.44,-1.44,97.86,93.31,9,84.94,177.96,2.51,https://xueqiu.com/S/SH688690,2026-10-08,2026-09-18
688710.SH,益诺思,生物制药,107.21,91.8,-3.01,96.94,97.55,6,633.82,99.12,5.59,https://xueqiu.com/S/SH688710,2026-10-08,2026-09-23
